id,test_day,subage,age,task,trial,agent,correct,z_age,z_trial
VP1,1,4,4.399726214921286,mutual_exclusivity,1,Monkey,1,0.24187200547570153,-3.5865384615384617
VP1,1,4,4.399726214921286,mutual_exclusivity,2,Bunny,1,0.24187200547570153,-2.5865384615384617
VP1,1,4,4.399726214921286,mutual_exclusivity,3,Cat,1,0.24187200547570153,-1.5865384615384617
VP1,1,4,4.399726214921286,mutual_exclusivity,4,Dog,1,0.24187200547570153,-0.5865384615384617
VP1,1,4,4.399726214921286,mutual_exclusivity,5,Frog,1,0.24187200547570153,0.4134615384615383
VP1,1,4,4.399726214921286,simple_inf,1,Tiger,1,0.24187200547570153,-3.5865384615384617
VP1,1,4,4.399726214921286,simple_inf,2,Tiger,0,0.24187200547570153,-2.5865384615384617
VP1,1,4,4.399726214921286,simple_inf,3,Tiger,1,0.24187200547570153,-1.5865384615384617
VP1,1,4,4.399726214921286,simple_inf,4,Tiger,1,0.24187200547570153,-0.5865384615384617
VP1,1,4,4.399726214921286,simple_inf,5,Tiger,1,0.24187200547570153,0.4134615384615383
VP1,1,4,4.399726214921286,discourse_continuity,1,Bunny,1,0.24187200547570153,-3.5865384615384617
VP1,1,4,4.399726214921286,discourse_continuity,2,Monkey,1,0.24187200547570153,-2.5865384615384617
VP1,1,4,4.399726214921286,discourse_continuity,3,Dog,1,0.24187200547570153,-1.5865384615384617
VP1,1,4,4.399726214921286,discourse_continuity,4,Frog,1,0.24187200547570153,-0.5865384615384617
VP1,1,4,4.399726214921286,discourse_continuity,5,Cat,1,0.24187200547570153,0.4134615384615383
VP1,1,4,4.399726214921286,ad_hoc_implicature,1,Sheep,1,0.24187200547570153,-3.5865384615384617
VP1,1,4,4.399726214921286,ad_hoc_implicature,2,Sheep,1,0.24187200547570153,-2.5865384615384617
VP1,1,4,4.399726214921286,ad_hoc_implicature,3,Sheep,1,0.24187200547570153,-1.5865384615384617
VP1,1,4,4.399726214921286,ad_hoc_implicature,4,Sheep,1,0.24187200547570153,-0.5865384615384617
VP1,1,4,4.399726214921286,ad_hoc_implicature,5,Sheep,1,0.24187200547570153,0.4134615384615383
VP1,1,4,4.399726214921286,card_sorting,1,NA,1,0.24187200547570153,-3.5865384615384617
VP1,1,4,4.399726214921286,card_sorting,2,NA,1,0.24187200547570153,-2.5865384615384617
VP1,1,4,4.399726214921286,card_sorting,3,NA,1,0.24187200547570153,-1.5865384615384617
VP1,1,4,4.399726214921286,card_sorting,4,NA,1,0.24187200547570153,-0.5865384615384617
VP1,1,4,4.399726214921286,card_sorting,5,NA,1,0.24187200547570153,0.4134615384615383
VP1,1,4,4.399726214921286,card_sorting,6,NA,1,0.24187200547570153,1.4134615384615383
VP2,1,4,4.435318275154004,mutual_exclusivity,1,Monkey,1,0.2774640657084193,-3.5865384615384617
VP2,1,4,4.435318275154004,mutual_exclusivity,2,Bunny,1,0.2774640657084193,-2.5865384615384617
VP2,1,4,4.435318275154004,mutual_exclusivity,3,Cat,1,0.2774640657084193,-1.5865384615384617
VP2,1,4,4.435318275154004,mutual_exclusivity,4,Dog,1,0.2774640657084193,-0.5865384615384617
VP2,1,4,4.435318275154004,mutual_exclusivity,5,Frog,1,0.2774640657084193,0.4134615384615383
VP2,1,4,4.435318275154004,simple_inf,1,Tiger,1,0.2774640657084193,-3.5865384615384617
VP2,1,4,4.435318275154004,simple_inf,2,Tiger,1,0.2774640657084193,-2.5865384615384617
VP2,1,4,4.435318275154004,simple_inf,3,Tiger,0,0.2774640657084193,-1.5865384615384617
VP2,1,4,4.435318275154004,simple_inf,4,Tiger,0,0.2774640657084193,-0.5865384615384617
VP2,1,4,4.435318275154004,simple_inf,5,Tiger,0,0.2774640657084193,0.4134615384615383
VP2,1,4,4.435318275154004,discourse_continuity,1,Bunny,1,0.2774640657084193,-3.5865384615384617
VP2,1,4,4.435318275154004,discourse_continuity,2,Monkey,0,0.2774640657084193,-2.5865384615384617
VP2,1,4,4.435318275154004,discourse_continuity,3,Dog,1,0.2774640657084193,-1.5865384615384617
VP2,1,4,4.435318275154004,discourse_continuity,4,Frog,1,0.2774640657084193,-0.5865384615384617
VP2,1,4,4.435318275154004,discourse_continuity,5,Cat,1,0.2774640657084193,0.4134615384615383
VP2,1,4,4.435318275154004,ad_hoc_implicature,1,Sheep,1,0.2774640657084193,-3.5865384615384617
VP2,1,4,4.435318275154004,ad_hoc_implicature,2,Sheep,1,0.2774640657084193,-2.5865384615384617
VP2,1,4,4.435318275154004,ad_hoc_implicature,3,Sheep,1,0.2774640657084193,-1.5865384615384617
VP2,1,4,4.435318275154004,ad_hoc_implicature,4,Sheep,1,0.2774640657084193,-0.5865384615384617
VP2,1,4,4.435318275154004,ad_hoc_implicature,5,Sheep,1,0.2774640657084193,0.4134615384615383
VP2,1,4,4.435318275154004,card_sorting,1,NA,0,0.2774640657084193,-3.5865384615384617
VP2,1,4,4.435318275154004,card_sorting,2,NA,0,0.2774640657084193,-2.5865384615384617
VP2,1,4,4.435318275154004,card_sorting,3,NA,0,0.2774640657084193,-1.5865384615384617
VP2,1,4,4.435318275154004,card_sorting,4,NA,0,0.2774640657084193,-0.5865384615384617
VP2,1,4,4.435318275154004,card_sorting,5,NA,0,0.2774640657084193,0.4134615384615383
VP2,1,4,4.435318275154004,card_sorting,6,NA,0,0.2774640657084193,1.4134615384615383
VP3,1,3,3.698836413415469,mutual_exclusivity,1,Monkey,1,-0.45901779603011583,-3.5865384615384617
VP3,1,3,3.698836413415469,mutual_exclusivity,2,Bunny,0,-0.45901779603011583,-2.5865384615384617
VP3,1,3,3.698836413415469,mutual_exclusivity,3,Cat,0,-0.45901779603011583,-1.5865384615384617
VP3,1,3,3.698836413415469,mutual_exclusivity,4,Dog,1,-0.45901779603011583,-0.5865384615384617
VP3,1,3,3.698836413415469,mutual_exclusivity,5,Frog,0,-0.45901779603011583,0.4134615384615383
VP3,1,3,3.698836413415469,simple_inf,1,Tiger,1,-0.45901779603011583,-3.5865384615384617
VP3,1,3,3.698836413415469,simple_inf,2,Tiger,1,-0.45901779603011583,-2.5865384615384617
VP3,1,3,3.698836413415469,simple_inf,3,Tiger,0,-0.45901779603011583,-1.5865384615384617
VP3,1,3,3.698836413415469,simple_inf,4,Tiger,1,-0.45901779603011583,-0.5865384615384617
VP3,1,3,3.698836413415469,simple_inf,5,Tiger,1,-0.45901779603011583,0.4134615384615383
VP3,1,3,3.698836413415469,discourse_continuity,1,Bunny,0,-0.45901779603011583,-3.5865384615384617
VP3,1,3,3.698836413415469,discourse_continuity,2,Monkey,1,-0.45901779603011583,-2.5865384615384617
VP3,1,3,3.698836413415469,discourse_continuity,3,Dog,1,-0.45901779603011583,-1.5865384615384617
VP3,1,3,3.698836413415469,discourse_continuity,4,Frog,0,-0.45901779603011583,-0.5865384615384617
VP3,1,3,3.698836413415469,discourse_continuity,5,Cat,0,-0.45901779603011583,0.4134615384615383
VP3,1,3,3.698836413415469,ad_hoc_implicature,1,Sheep,1,-0.45901779603011583,-3.5865384615384617
VP3,1,3,3.698836413415469,ad_hoc_implicature,2,Sheep,1,-0.45901779603011583,-2.5865384615384617
VP3,1,3,3.698836413415469,ad_hoc_implicature,3,Sheep,1,-0.45901779603011583,-1.5865384615384617
VP3,1,3,3.698836413415469,ad_hoc_implicature,4,Sheep,0,-0.45901779603011583,-0.5865384615384617
VP3,1,3,3.698836413415469,ad_hoc_implicature,5,Sheep,1,-0.45901779603011583,0.4134615384615383
VP3,1,3,3.698836413415469,card_sorting,1,NA,0,-0.45901779603011583,-3.5865384615384617
VP3,1,3,3.698836413415469,card_sorting,2,NA,0,-0.45901779603011583,-2.5865384615384617
VP3,1,3,3.698836413415469,card_sorting,3,NA,0,-0.45901779603011583,-1.5865384615384617
VP3,1,3,3.698836413415469,card_sorting,4,NA,0,-0.45901779603011583,-0.5865384615384617
VP3,1,3,3.698836413415469,card_sorting,5,NA,0,-0.45901779603011583,0.4134615384615383
VP3,1,3,3.698836413415469,card_sorting,6,NA,0,-0.45901779603011583,1.4134615384615383
VP4,1,3,3.8302532511978096,mutual_exclusivity,1,Monkey,1,-0.32760095824777524,-3.5865384615384617
VP4,1,3,3.8302532511978096,mutual_exclusivity,2,Bunny,1,-0.32760095824777524,-2.5865384615384617
VP4,1,3,3.8302532511978096,mutual_exclusivity,3,Cat,1,-0.32760095824777524,-1.5865384615384617
VP4,1,3,3.8302532511978096,mutual_exclusivity,4,Dog,1,-0.32760095824777524,-0.5865384615384617
VP4,1,3,3.8302532511978096,mutual_exclusivity,5,Frog,0,-0.32760095824777524,0.4134615384615383
VP4,1,3,3.8302532511978096,simple_inf,1,Tiger,1,-0.32760095824777524,-3.5865384615384617
VP4,1,3,3.8302532511978096,simple_inf,2,Tiger,1,-0.32760095824777524,-2.5865384615384617
VP4,1,3,3.8302532511978096,simple_inf,3,Tiger,1,-0.32760095824777524,-1.5865384615384617
VP4,1,3,3.8302532511978096,simple_inf,4,Tiger,1,-0.32760095824777524,-0.5865384615384617
VP4,1,3,3.8302532511978096,simple_inf,5,Tiger,0,-0.32760095824777524,0.4134615384615383
VP4,1,3,3.8302532511978096,discourse_continuity,1,Bunny,1,-0.32760095824777524,-3.5865384615384617
VP4,1,3,3.8302532511978096,discourse_continuity,2,Monkey,0,-0.32760095824777524,-2.5865384615384617
VP4,1,3,3.8302532511978096,discourse_continuity,3,Dog,0,-0.32760095824777524,-1.5865384615384617
VP4,1,3,3.8302532511978096,discourse_continuity,4,Frog,0,-0.32760095824777524,-0.5865384615384617
VP4,1,3,3.8302532511978096,discourse_continuity,5,Cat,0,-0.32760095824777524,0.4134615384615383
VP4,1,3,3.8302532511978096,ad_hoc_implicature,1,Sheep,1,-0.32760095824777524,-3.5865384615384617
VP4,1,3,3.8302532511978096,ad_hoc_implicature,2,Sheep,1,-0.32760095824777524,-2.5865384615384617
VP4,1,3,3.8302532511978096,ad_hoc_implicature,3,Sheep,0,-0.32760095824777524,-1.5865384615384617
VP4,1,3,3.8302532511978096,ad_hoc_implicature,4,Sheep,1,-0.32760095824777524,-0.5865384615384617
VP4,1,3,3.8302532511978096,ad_hoc_implicature,5,Sheep,0,-0.32760095824777524,0.4134615384615383
VP4,1,3,3.8302532511978096,card_sorting,1,NA,1,-0.32760095824777524,-3.5865384615384617
VP4,1,3,3.8302532511978096,card_sorting,2,NA,0,-0.32760095824777524,-2.5865384615384617
VP4,1,3,3.8302532511978096,card_sorting,3,NA,1,-0.32760095824777524,-1.5865384615384617
VP4,1,3,3.8302532511978096,card_sorting,4,NA,1,-0.32760095824777524,-0.5865384615384617
VP4,1,3,3.8302532511978096,card_sorting,5,NA,1,-0.32760095824777524,0.4134615384615383
VP4,1,3,3.8302532511978096,card_sorting,6,NA,1,-0.32760095824777524,1.4134615384615383
VP5,1,4,4.095824777549623,mutual_exclusivity,1,Monkey,1,-0.06202943189596155,-3.5865384615384617
VP5,1,4,4.095824777549623,mutual_exclusivity,2,Bunny,1,-0.06202943189596155,-2.5865384615384617
VP5,1,4,4.095824777549623,mutual_exclusivity,3,Cat,1,-0.06202943189596155,-1.5865384615384617
VP5,1,4,4.095824777549623,mutual_exclusivity,4,Dog,1,-0.06202943189596155,-0.5865384615384617
VP5,1,4,4.095824777549623,mutual_exclusivity,5,Frog,0,-0.06202943189596155,0.4134615384615383
VP5,1,4,4.095824777549623,simple_inf,1,Tiger,1,-0.06202943189596155,-3.5865384615384617
VP5,1,4,4.095824777549623,simple_inf,2,Tiger,0,-0.06202943189596155,-2.5865384615384617
VP5,1,4,4.095824777549623,simple_inf,3,Tiger,1,-0.06202943189596155,-1.5865384615384617
VP5,1,4,4.095824777549623,simple_inf,4,Tiger,1,-0.06202943189596155,-0.5865384615384617
VP5,1,4,4.095824777549623,simple_inf,5,Tiger,0,-0.06202943189596155,0.4134615384615383
VP5,1,4,4.095824777549623,discourse_continuity,1,Bunny,1,-0.06202943189596155,-3.5865384615384617
VP5,1,4,4.095824777549623,discourse_continuity,2,Monkey,1,-0.06202943189596155,-2.5865384615384617
VP5,1,4,4.095824777549623,discourse_continuity,3,Dog,0,-0.06202943189596155,-1.5865384615384617
VP5,1,4,4.095824777549623,discourse_continuity,4,Frog,1,-0.06202943189596155,-0.5865384615384617
VP5,1,4,4.095824777549623,discourse_continuity,5,Cat,0,-0.06202943189596155,0.4134615384615383
VP5,1,4,4.095824777549623,ad_hoc_implicature,1,Sheep,1,-0.06202943189596155,-3.5865384615384617
VP5,1,4,4.095824777549623,ad_hoc_implicature,2,Sheep,1,-0.06202943189596155,-2.5865384615384617
VP5,1,4,4.095824777549623,ad_hoc_implicature,3,Sheep,1,-0.06202943189596155,-1.5865384615384617
VP5,1,4,4.095824777549623,ad_hoc_implicature,4,Sheep,1,-0.06202943189596155,-0.5865384615384617
VP5,1,4,4.095824777549623,ad_hoc_implicature,5,Sheep,1,-0.06202943189596155,0.4134615384615383
VP5,1,4,4.095824777549623,card_sorting,1,NA,1,-0.06202943189596155,-3.5865384615384617
VP5,1,4,4.095824777549623,card_sorting,2,NA,1,-0.06202943189596155,-2.5865384615384617
VP5,1,4,4.095824777549623,card_sorting,3,NA,1,-0.06202943189596155,-1.5865384615384617
VP5,1,4,4.095824777549623,card_sorting,4,NA,1,-0.06202943189596155,-0.5865384615384617
VP5,1,4,4.095824777549623,card_sorting,5,NA,1,-0.06202943189596155,0.4134615384615383
VP5,1,4,4.095824777549623,card_sorting,6,NA,1,-0.06202943189596155,1.4134615384615383
VP6,1,3,3.57015742642026,mutual_exclusivity,1,Monkey,1,-0.5876967830253248,-3.5865384615384617
VP6,1,3,3.57015742642026,mutual_exclusivity,2,Bunny,1,-0.5876967830253248,-2.5865384615384617
VP6,1,3,3.57015742642026,mutual_exclusivity,3,Cat,1,-0.5876967830253248,-1.5865384615384617
VP6,1,3,3.57015742642026,mutual_exclusivity,4,Dog,1,-0.5876967830253248,-0.5865384615384617
VP6,1,3,3.57015742642026,mutual_exclusivity,5,Frog,0,-0.5876967830253248,0.4134615384615383
VP6,1,3,3.57015742642026,simple_inf,1,Tiger,1,-0.5876967830253248,-3.5865384615384617
VP6,1,3,3.57015742642026,simple_inf,2,Tiger,0,-0.5876967830253248,-2.5865384615384617
VP6,1,3,3.57015742642026,simple_inf,3,Tiger,0,-0.5876967830253248,-1.5865384615384617
VP6,1,3,3.57015742642026,simple_inf,4,Tiger,1,-0.5876967830253248,-0.5865384615384617
VP6,1,3,3.57015742642026,simple_inf,5,Tiger,0,-0.5876967830253248,0.4134615384615383
VP6,1,3,3.57015742642026,discourse_continuity,1,Bunny,1,-0.5876967830253248,-3.5865384615384617
VP6,1,3,3.57015742642026,discourse_continuity,2,Monkey,1,-0.5876967830253248,-2.5865384615384617
VP6,1,3,3.57015742642026,discourse_continuity,3,Dog,0,-0.5876967830253248,-1.5865384615384617
VP6,1,3,3.57015742642026,discourse_continuity,4,Frog,0,-0.5876967830253248,-0.5865384615384617
VP6,1,3,3.57015742642026,discourse_continuity,5,Cat,1,-0.5876967830253248,0.4134615384615383
VP6,1,3,3.57015742642026,ad_hoc_implicature,1,Sheep,1,-0.5876967830253248,-3.5865384615384617
VP6,1,3,3.57015742642026,ad_hoc_implicature,2,Sheep,1,-0.5876967830253248,-2.5865384615384617
VP6,1,3,3.57015742642026,ad_hoc_implicature,3,Sheep,1,-0.5876967830253248,-1.5865384615384617
VP6,1,3,3.57015742642026,ad_hoc_implicature,4,Sheep,1,-0.5876967830253248,-0.5865384615384617
VP6,1,3,3.57015742642026,ad_hoc_implicature,5,Sheep,0,-0.5876967830253248,0.4134615384615383
VP6,1,3,3.57015742642026,card_sorting,1,NA,1,-0.5876967830253248,-3.5865384615384617
VP6,1,3,3.57015742642026,card_sorting,2,NA,1,-0.5876967830253248,-2.5865384615384617
VP6,1,3,3.57015742642026,card_sorting,3,NA,1,-0.5876967830253248,-1.5865384615384617
VP6,1,3,3.57015742642026,card_sorting,4,NA,1,-0.5876967830253248,-0.5865384615384617
VP6,1,3,3.57015742642026,card_sorting,5,NA,1,-0.5876967830253248,0.4134615384615383
VP6,1,3,3.57015742642026,card_sorting,6,NA,1,-0.5876967830253248,1.4134615384615383
VP7,1,4,4.361396303901437,mutual_exclusivity,1,Monkey,1,0.20354209445585258,-3.5865384615384617
VP7,1,4,4.361396303901437,mutual_exclusivity,2,Bunny,0,0.20354209445585258,-2.5865384615384617
VP7,1,4,4.361396303901437,mutual_exclusivity,3,Cat,1,0.20354209445585258,-1.5865384615384617
VP7,1,4,4.361396303901437,mutual_exclusivity,4,Dog,1,0.20354209445585258,-0.5865384615384617
VP7,1,4,4.361396303901437,mutual_exclusivity,5,Frog,0,0.20354209445585258,0.4134615384615383
VP7,1,4,4.361396303901437,simple_inf,1,Tiger,1,0.20354209445585258,-3.5865384615384617
VP7,1,4,4.361396303901437,simple_inf,2,Tiger,1,0.20354209445585258,-2.5865384615384617
VP7,1,4,4.361396303901437,simple_inf,3,Tiger,1,0.20354209445585258,-1.5865384615384617
VP7,1,4,4.361396303901437,simple_inf,4,Tiger,1,0.20354209445585258,-0.5865384615384617
VP7,1,4,4.361396303901437,simple_inf,5,Tiger,0,0.20354209445585258,0.4134615384615383
VP7,1,4,4.361396303901437,discourse_continuity,1,Bunny,1,0.20354209445585258,-3.5865384615384617
VP7,1,4,4.361396303901437,discourse_continuity,2,Monkey,1,0.20354209445585258,-2.5865384615384617
VP7,1,4,4.361396303901437,discourse_continuity,3,Dog,1,0.20354209445585258,-1.5865384615384617
VP7,1,4,4.361396303901437,discourse_continuity,4,Frog,0,0.20354209445585258,-0.5865384615384617
VP7,1,4,4.361396303901437,discourse_continuity,5,Cat,1,0.20354209445585258,0.4134615384615383
VP7,1,4,4.361396303901437,ad_hoc_implicature,1,Sheep,1,0.20354209445585258,-3.5865384615384617
VP7,1,4,4.361396303901437,ad_hoc_implicature,2,Sheep,1,0.20354209445585258,-2.5865384615384617
VP7,1,4,4.361396303901437,ad_hoc_implicature,3,Sheep,1,0.20354209445585258,-1.5865384615384617
VP7,1,4,4.361396303901437,ad_hoc_implicature,4,Sheep,1,0.20354209445585258,-0.5865384615384617
VP7,1,4,4.361396303901437,ad_hoc_implicature,5,Sheep,1,0.20354209445585258,0.4134615384615383
VP7,1,4,4.361396303901437,card_sorting,1,NA,1,0.20354209445585258,-3.5865384615384617
VP7,1,4,4.361396303901437,card_sorting,2,NA,1,0.20354209445585258,-2.5865384615384617
VP7,1,4,4.361396303901437,card_sorting,3,NA,1,0.20354209445585258,-1.5865384615384617
VP7,1,4,4.361396303901437,card_sorting,4,NA,1,0.20354209445585258,-0.5865384615384617
VP7,1,4,4.361396303901437,card_sorting,5,NA,1,0.20354209445585258,0.4134615384615383
VP7,1,4,4.361396303901437,card_sorting,6,NA,1,0.20354209445585258,1.4134615384615383
VP6,2,3,3.57015742642026,mutual_exclusivity,6,Monkey,1,-0.5876967830253248,1.4134615384615383
VP6,2,3,3.57015742642026,mutual_exclusivity,7,Bunny,1,-0.5876967830253248,2.4134615384615383
VP6,2,3,3.57015742642026,mutual_exclusivity,8,Cat,1,-0.5876967830253248,3.4134615384615383
VP6,2,3,3.57015742642026,mutual_exclusivity,9,Dog,1,-0.5876967830253248,4.413461538461538
VP6,2,3,3.57015742642026,mutual_exclusivity,10,Frog,1,-0.5876967830253248,5.413461538461538
VP6,2,3,3.57015742642026,simple_inf,6,Tiger,1,-0.5876967830253248,1.4134615384615383
VP6,2,3,3.57015742642026,simple_inf,7,Tiger,1,-0.5876967830253248,2.4134615384615383
VP6,2,3,3.57015742642026,simple_inf,8,Tiger,1,-0.5876967830253248,3.4134615384615383
VP6,2,3,3.57015742642026,simple_inf,9,Tiger,1,-0.5876967830253248,4.413461538461538
VP6,2,3,3.57015742642026,simple_inf,10,Tiger,0,-0.5876967830253248,5.413461538461538
VP6,2,3,3.57015742642026,discourse_continuity,6,Bunny,1,-0.5876967830253248,1.4134615384615383
VP6,2,3,3.57015742642026,discourse_continuity,7,Monkey,0,-0.5876967830253248,2.4134615384615383
VP6,2,3,3.57015742642026,discourse_continuity,8,Dog,0,-0.5876967830253248,3.4134615384615383
VP6,2,3,3.57015742642026,discourse_continuity,9,Frog,1,-0.5876967830253248,4.413461538461538
VP6,2,3,3.57015742642026,discourse_continuity,10,Cat,1,-0.5876967830253248,5.413461538461538
VP6,2,3,3.57015742642026,ad_hoc_implicature,6,Sheep,1,-0.5876967830253248,1.4134615384615383
VP6,2,3,3.57015742642026,ad_hoc_implicature,7,Sheep,1,-0.5876967830253248,2.4134615384615383
VP6,2,3,3.57015742642026,ad_hoc_implicature,8,Sheep,1,-0.5876967830253248,3.4134615384615383
VP6,2,3,3.57015742642026,ad_hoc_implicature,9,Sheep,1,-0.5876967830253248,4.413461538461538
VP6,2,3,3.57015742642026,ad_hoc_implicature,10,Sheep,1,-0.5876967830253248,5.413461538461538
VP6,2,3,3.57015742642026,card_sorting,7,NA,1,-0.5876967830253248,2.4134615384615383
VP6,2,3,3.57015742642026,card_sorting,8,NA,1,-0.5876967830253248,3.4134615384615383
VP6,2,3,3.57015742642026,card_sorting,9,NA,1,-0.5876967830253248,4.413461538461538
VP6,2,3,3.57015742642026,card_sorting,10,NA,1,-0.5876967830253248,5.413461538461538
VP6,2,3,3.57015742642026,card_sorting,11,NA,1,-0.5876967830253248,6.413461538461538
VP6,2,3,3.57015742642026,card_sorting,12,NA,1,-0.5876967830253248,7.413461538461538
VP7,2,4,4.361396303901437,mutual_exclusivity,6,Monkey,1,0.20354209445585258,1.4134615384615383
VP7,2,4,4.361396303901437,mutual_exclusivity,7,Bunny,1,0.20354209445585258,2.4134615384615383
VP7,2,4,4.361396303901437,mutual_exclusivity,8,Cat,1,0.20354209445585258,3.4134615384615383
VP7,2,4,4.361396303901437,mutual_exclusivity,9,Dog,1,0.20354209445585258,4.413461538461538
VP7,2,4,4.361396303901437,mutual_exclusivity,10,Frog,0,0.20354209445585258,5.413461538461538
VP7,2,4,4.361396303901437,simple_inf,6,Tiger,1,0.20354209445585258,1.4134615384615383
VP7,2,4,4.361396303901437,simple_inf,7,Tiger,1,0.20354209445585258,2.4134615384615383
VP7,2,4,4.361396303901437,simple_inf,8,Tiger,1,0.20354209445585258,3.4134615384615383
VP7,2,4,4.361396303901437,simple_inf,9,Tiger,1,0.20354209445585258,4.413461538461538
VP7,2,4,4.361396303901437,simple_inf,10,Tiger,0,0.20354209445585258,5.413461538461538
VP7,2,4,4.361396303901437,discourse_continuity,6,Bunny,1,0.20354209445585258,1.4134615384615383
VP7,2,4,4.361396303901437,discourse_continuity,7,Monkey,1,0.20354209445585258,2.4134615384615383
VP7,2,4,4.361396303901437,discourse_continuity,8,Dog,1,0.20354209445585258,3.4134615384615383
VP7,2,4,4.361396303901437,discourse_continuity,9,Frog,1,0.20354209445585258,4.413461538461538
VP7,2,4,4.361396303901437,discourse_continuity,10,Cat,1,0.20354209445585258,5.413461538461538
VP7,2,4,4.361396303901437,ad_hoc_implicature,6,Sheep,1,0.20354209445585258,1.4134615384615383
VP7,2,4,4.361396303901437,ad_hoc_implicature,7,Sheep,1,0.20354209445585258,2.4134615384615383
VP7,2,4,4.361396303901437,ad_hoc_implicature,8,Sheep,1,0.20354209445585258,3.4134615384615383
VP7,2,4,4.361396303901437,ad_hoc_implicature,9,Sheep,1,0.20354209445585258,4.413461538461538
VP7,2,4,4.361396303901437,ad_hoc_implicature,10,Sheep,1,0.20354209445585258,5.413461538461538
VP7,2,4,4.361396303901437,card_sorting,7,NA,1,0.20354209445585258,2.4134615384615383
VP7,2,4,4.361396303901437,card_sorting,8,NA,1,0.20354209445585258,3.4134615384615383
VP7,2,4,4.361396303901437,card_sorting,9,NA,1,0.20354209445585258,4.413461538461538
VP7,2,4,4.361396303901437,card_sorting,10,NA,1,0.20354209445585258,5.413461538461538
VP7,2,4,4.361396303901437,card_sorting,11,NA,1,0.20354209445585258,6.413461538461538
VP7,2,4,4.361396303901437,card_sorting,12,NA,1,0.20354209445585258,7.413461538461538
VP8,1,4,4.725530458590007,mutual_exclusivity,1,Monkey,1,0.567676249144422,-3.5865384615384617
VP8,1,4,4.725530458590007,mutual_exclusivity,2,Bunny,1,0.567676249144422,-2.5865384615384617
VP8,1,4,4.725530458590007,mutual_exclusivity,3,Cat,1,0.567676249144422,-1.5865384615384617
VP8,1,4,4.725530458590007,mutual_exclusivity,4,Dog,1,0.567676249144422,-0.5865384615384617
VP8,1,4,4.725530458590007,mutual_exclusivity,5,Frog,1,0.567676249144422,0.4134615384615383
VP8,1,4,4.725530458590007,simple_inf,1,Tiger,1,0.567676249144422,-3.5865384615384617
VP8,1,4,4.725530458590007,simple_inf,2,Tiger,1,0.567676249144422,-2.5865384615384617
VP8,1,4,4.725530458590007,simple_inf,3,Tiger,1,0.567676249144422,-1.5865384615384617
VP8,1,4,4.725530458590007,simple_inf,4,Tiger,1,0.567676249144422,-0.5865384615384617
VP8,1,4,4.725530458590007,simple_inf,5,Tiger,0,0.567676249144422,0.4134615384615383
VP8,1,4,4.725530458590007,discourse_continuity,1,Bunny,1,0.567676249144422,-3.5865384615384617
VP8,1,4,4.725530458590007,discourse_continuity,2,Monkey,1,0.567676249144422,-2.5865384615384617
VP8,1,4,4.725530458590007,discourse_continuity,3,Dog,0,0.567676249144422,-1.5865384615384617
VP8,1,4,4.725530458590007,discourse_continuity,4,Frog,0,0.567676249144422,-0.5865384615384617
VP8,1,4,4.725530458590007,discourse_continuity,5,Cat,0,0.567676249144422,0.4134615384615383
VP8,1,4,4.725530458590007,ad_hoc_implicature,1,Sheep,1,0.567676249144422,-3.5865384615384617
VP8,1,4,4.725530458590007,ad_hoc_implicature,2,Sheep,1,0.567676249144422,-2.5865384615384617
VP8,1,4,4.725530458590007,ad_hoc_implicature,3,Sheep,1,0.567676249144422,-1.5865384615384617
VP8,1,4,4.725530458590007,ad_hoc_implicature,4,Sheep,1,0.567676249144422,-0.5865384615384617
VP8,1,4,4.725530458590007,ad_hoc_implicature,5,Sheep,1,0.567676249144422,0.4134615384615383
VP8,1,4,4.725530458590007,card_sorting,1,NA,1,0.567676249144422,-3.5865384615384617
VP8,1,4,4.725530458590007,card_sorting,2,NA,1,0.567676249144422,-2.5865384615384617
VP8,1,4,4.725530458590007,card_sorting,3,NA,1,0.567676249144422,-1.5865384615384617
VP8,1,4,4.725530458590007,card_sorting,4,NA,1,0.567676249144422,-0.5865384615384617
VP8,1,4,4.725530458590007,card_sorting,5,NA,1,0.567676249144422,0.4134615384615383
VP8,1,4,4.725530458590007,card_sorting,6,NA,1,0.567676249144422,1.4134615384615383
VP9,1,4,4.725530458590007,mutual_exclusivity,1,Monkey,1,0.567676249144422,-3.5865384615384617
VP9,1,4,4.725530458590007,mutual_exclusivity,2,Bunny,1,0.567676249144422,-2.5865384615384617
VP9,1,4,4.725530458590007,mutual_exclusivity,3,Cat,1,0.567676249144422,-1.5865384615384617
VP9,1,4,4.725530458590007,mutual_exclusivity,4,Dog,1,0.567676249144422,-0.5865384615384617
VP9,1,4,4.725530458590007,mutual_exclusivity,5,Frog,1,0.567676249144422,0.4134615384615383
VP9,1,4,4.725530458590007,simple_inf,1,Tiger,1,0.567676249144422,-3.5865384615384617
VP9,1,4,4.725530458590007,simple_inf,2,Tiger,1,0.567676249144422,-2.5865384615384617
VP9,1,4,4.725530458590007,simple_inf,3,Tiger,1,0.567676249144422,-1.5865384615384617
VP9,1,4,4.725530458590007,simple_inf,4,Tiger,1,0.567676249144422,-0.5865384615384617
VP9,1,4,4.725530458590007,simple_inf,5,Tiger,1,0.567676249144422,0.4134615384615383
VP9,1,4,4.725530458590007,discourse_continuity,1,Bunny,1,0.567676249144422,-3.5865384615384617
VP9,1,4,4.725530458590007,discourse_continuity,2,Monkey,1,0.567676249144422,-2.5865384615384617
VP9,1,4,4.725530458590007,discourse_continuity,3,Dog,1,0.567676249144422,-1.5865384615384617
VP9,1,4,4.725530458590007,discourse_continuity,4,Frog,1,0.567676249144422,-0.5865384615384617
VP9,1,4,4.725530458590007,discourse_continuity,5,Cat,1,0.567676249144422,0.4134615384615383
VP9,1,4,4.725530458590007,ad_hoc_implicature,1,Sheep,1,0.567676249144422,-3.5865384615384617
VP9,1,4,4.725530458590007,ad_hoc_implicature,2,Sheep,1,0.567676249144422,-2.5865384615384617
VP9,1,4,4.725530458590007,ad_hoc_implicature,3,Sheep,1,0.567676249144422,-1.5865384615384617
VP9,1,4,4.725530458590007,ad_hoc_implicature,4,Sheep,1,0.567676249144422,-0.5865384615384617
VP9,1,4,4.725530458590007,ad_hoc_implicature,5,Sheep,1,0.567676249144422,0.4134615384615383
VP9,1,4,4.725530458590007,card_sorting,1,NA,1,0.567676249144422,-3.5865384615384617
VP9,1,4,4.725530458590007,card_sorting,2,NA,1,0.567676249144422,-2.5865384615384617
VP9,1,4,4.725530458590007,card_sorting,3,NA,1,0.567676249144422,-1.5865384615384617
VP9,1,4,4.725530458590007,card_sorting,4,NA,1,0.567676249144422,-0.5865384615384617
VP9,1,4,4.725530458590007,card_sorting,5,NA,1,0.567676249144422,0.4134615384615383
VP9,1,4,4.725530458590007,card_sorting,6,NA,1,0.567676249144422,1.4134615384615383
VP10,1,4,4.777549623545517,mutual_exclusivity,1,Monkey,1,0.6196954140999322,-3.5865384615384617
VP10,1,4,4.777549623545517,mutual_exclusivity,2,Bunny,1,0.6196954140999322,-2.5865384615384617
VP10,1,4,4.777549623545517,mutual_exclusivity,3,Cat,1,0.6196954140999322,-1.5865384615384617
VP10,1,4,4.777549623545517,mutual_exclusivity,4,Dog,1,0.6196954140999322,-0.5865384615384617
VP10,1,4,4.777549623545517,mutual_exclusivity,5,Frog,1,0.6196954140999322,0.4134615384615383
VP10,1,4,4.777549623545517,simple_inf,1,Tiger,1,0.6196954140999322,-3.5865384615384617
VP10,1,4,4.777549623545517,simple_inf,2,Tiger,1,0.6196954140999322,-2.5865384615384617
VP10,1,4,4.777549623545517,simple_inf,3,Tiger,0,0.6196954140999322,-1.5865384615384617
VP10,1,4,4.777549623545517,simple_inf,4,Tiger,1,0.6196954140999322,-0.5865384615384617
VP10,1,4,4.777549623545517,simple_inf,5,Tiger,1,0.6196954140999322,0.4134615384615383
VP10,1,4,4.777549623545517,discourse_continuity,1,Bunny,1,0.6196954140999322,-3.5865384615384617
VP10,1,4,4.777549623545517,discourse_continuity,2,Monkey,1,0.6196954140999322,-2.5865384615384617
VP10,1,4,4.777549623545517,discourse_continuity,3,Dog,1,0.6196954140999322,-1.5865384615384617
VP10,1,4,4.777549623545517,discourse_continuity,4,Frog,1,0.6196954140999322,-0.5865384615384617
VP10,1,4,4.777549623545517,discourse_continuity,5,Cat,1,0.6196954140999322,0.4134615384615383
VP10,1,4,4.777549623545517,ad_hoc_implicature,1,Sheep,1,0.6196954140999322,-3.5865384615384617
VP10,1,4,4.777549623545517,ad_hoc_implicature,2,Sheep,1,0.6196954140999322,-2.5865384615384617
VP10,1,4,4.777549623545517,ad_hoc_implicature,3,Sheep,1,0.6196954140999322,-1.5865384615384617
VP10,1,4,4.777549623545517,ad_hoc_implicature,4,Sheep,1,0.6196954140999322,-0.5865384615384617
VP10,1,4,4.777549623545517,ad_hoc_implicature,5,Sheep,1,0.6196954140999322,0.4134615384615383
VP10,1,4,4.777549623545517,card_sorting,1,NA,1,0.6196954140999322,-3.5865384615384617
VP10,1,4,4.777549623545517,card_sorting,2,NA,1,0.6196954140999322,-2.5865384615384617
VP10,1,4,4.777549623545517,card_sorting,3,NA,1,0.6196954140999322,-1.5865384615384617
VP10,1,4,4.777549623545517,card_sorting,4,NA,1,0.6196954140999322,-0.5865384615384617
VP10,1,4,4.777549623545517,card_sorting,5,NA,1,0.6196954140999322,0.4134615384615383
VP10,1,4,4.777549623545517,card_sorting,6,NA,1,0.6196954140999322,1.4134615384615383
VP11,1,4,4.7091033538672145,mutual_exclusivity,1,Monkey,1,0.5512491444216296,-3.5865384615384617
VP11,1,4,4.7091033538672145,mutual_exclusivity,2,Bunny,1,0.5512491444216296,-2.5865384615384617
VP11,1,4,4.7091033538672145,mutual_exclusivity,3,Cat,1,0.5512491444216296,-1.5865384615384617
VP11,1,4,4.7091033538672145,mutual_exclusivity,4,Dog,1,0.5512491444216296,-0.5865384615384617
VP11,1,4,4.7091033538672145,mutual_exclusivity,5,Frog,1,0.5512491444216296,0.4134615384615383
VP11,1,4,4.7091033538672145,simple_inf,1,Tiger,0,0.5512491444216296,-3.5865384615384617
VP11,1,4,4.7091033538672145,simple_inf,2,Tiger,1,0.5512491444216296,-2.5865384615384617
VP11,1,4,4.7091033538672145,simple_inf,3,Tiger,1,0.5512491444216296,-1.5865384615384617
VP11,1,4,4.7091033538672145,simple_inf,4,Tiger,1,0.5512491444216296,-0.5865384615384617
VP11,1,4,4.7091033538672145,simple_inf,5,Tiger,1,0.5512491444216296,0.4134615384615383
VP11,1,4,4.7091033538672145,discourse_continuity,1,Bunny,1,0.5512491444216296,-3.5865384615384617
VP11,1,4,4.7091033538672145,discourse_continuity,2,Monkey,0,0.5512491444216296,-2.5865384615384617
VP11,1,4,4.7091033538672145,discourse_continuity,3,Dog,0,0.5512491444216296,-1.5865384615384617
VP11,1,4,4.7091033538672145,discourse_continuity,4,Frog,1,0.5512491444216296,-0.5865384615384617
VP11,1,4,4.7091033538672145,discourse_continuity,5,Cat,1,0.5512491444216296,0.4134615384615383
VP11,1,4,4.7091033538672145,ad_hoc_implicature,1,Sheep,1,0.5512491444216296,-3.5865384615384617
VP11,1,4,4.7091033538672145,ad_hoc_implicature,2,Sheep,0,0.5512491444216296,-2.5865384615384617
VP11,1,4,4.7091033538672145,ad_hoc_implicature,3,Sheep,1,0.5512491444216296,-1.5865384615384617
VP11,1,4,4.7091033538672145,ad_hoc_implicature,4,Sheep,1,0.5512491444216296,-0.5865384615384617
VP11,1,4,4.7091033538672145,ad_hoc_implicature,5,Sheep,1,0.5512491444216296,0.4134615384615383
VP11,1,4,4.7091033538672145,card_sorting,1,NA,0,0.5512491444216296,-3.5865384615384617
VP11,1,4,4.7091033538672145,card_sorting,2,NA,0,0.5512491444216296,-2.5865384615384617
VP11,1,4,4.7091033538672145,card_sorting,3,NA,1,0.5512491444216296,-1.5865384615384617
VP11,1,4,4.7091033538672145,card_sorting,4,NA,1,0.5512491444216296,-0.5865384615384617
VP11,1,4,4.7091033538672145,card_sorting,5,NA,1,0.5512491444216296,0.4134615384615383
VP11,1,4,4.7091033538672145,card_sorting,6,NA,1,0.5512491444216296,1.4134615384615383
VP12,1,4,4.0657084188911705,mutual_exclusivity,1,Monkey,1,-0.0921457905544143,-3.5865384615384617
VP12,1,4,4.0657084188911705,mutual_exclusivity,2,Bunny,1,-0.0921457905544143,-2.5865384615384617
VP12,1,4,4.0657084188911705,mutual_exclusivity,3,Cat,0,-0.0921457905544143,-1.5865384615384617
VP12,1,4,4.0657084188911705,mutual_exclusivity,4,Dog,1,-0.0921457905544143,-0.5865384615384617
VP12,1,4,4.0657084188911705,mutual_exclusivity,5,Frog,0,-0.0921457905544143,0.4134615384615383
VP12,1,4,4.0657084188911705,simple_inf,1,Tiger,1,-0.0921457905544143,-3.5865384615384617
VP12,1,4,4.0657084188911705,simple_inf,2,Tiger,0,-0.0921457905544143,-2.5865384615384617
VP12,1,4,4.0657084188911705,simple_inf,3,Tiger,0,-0.0921457905544143,-1.5865384615384617
VP12,1,4,4.0657084188911705,simple_inf,4,Tiger,1,-0.0921457905544143,-0.5865384615384617
VP12,1,4,4.0657084188911705,simple_inf,5,Tiger,0,-0.0921457905544143,0.4134615384615383
VP12,1,4,4.0657084188911705,discourse_continuity,1,Bunny,0,-0.0921457905544143,-3.5865384615384617
VP12,1,4,4.0657084188911705,discourse_continuity,2,Monkey,0,-0.0921457905544143,-2.5865384615384617
VP12,1,4,4.0657084188911705,discourse_continuity,3,Dog,1,-0.0921457905544143,-1.5865384615384617
VP12,1,4,4.0657084188911705,discourse_continuity,4,Frog,0,-0.0921457905544143,-0.5865384615384617
VP12,1,4,4.0657084188911705,discourse_continuity,5,Cat,0,-0.0921457905544143,0.4134615384615383
VP12,1,4,4.0657084188911705,ad_hoc_implicature,1,Sheep,0,-0.0921457905544143,-3.5865384615384617
VP12,1,4,4.0657084188911705,ad_hoc_implicature,2,Sheep,1,-0.0921457905544143,-2.5865384615384617
VP12,1,4,4.0657084188911705,ad_hoc_implicature,3,Sheep,1,-0.0921457905544143,-1.5865384615384617
VP12,1,4,4.0657084188911705,ad_hoc_implicature,4,Sheep,1,-0.0921457905544143,-0.5865384615384617
VP12,1,4,4.0657084188911705,ad_hoc_implicature,5,Sheep,1,-0.0921457905544143,0.4134615384615383
VP12,1,4,4.0657084188911705,card_sorting,1,NA,0,-0.0921457905544143,-3.5865384615384617
VP12,1,4,4.0657084188911705,card_sorting,2,NA,0,-0.0921457905544143,-2.5865384615384617
VP12,1,4,4.0657084188911705,card_sorting,3,NA,0,-0.0921457905544143,-1.5865384615384617
VP12,1,4,4.0657084188911705,card_sorting,4,NA,0,-0.0921457905544143,-0.5865384615384617
VP12,1,4,4.0657084188911705,card_sorting,5,NA,0,-0.0921457905544143,0.4134615384615383
VP12,1,4,4.0657084188911705,card_sorting,6,NA,0,-0.0921457905544143,1.4134615384615383
VP13,1,3,3.592060232717317,mutual_exclusivity,1,Monkey,1,-0.5657939767282678,-3.5865384615384617
VP13,1,3,3.592060232717317,mutual_exclusivity,2,Bunny,0,-0.5657939767282678,-2.5865384615384617
VP13,1,3,3.592060232717317,mutual_exclusivity,3,Cat,1,-0.5657939767282678,-1.5865384615384617
VP13,1,3,3.592060232717317,mutual_exclusivity,4,Dog,1,-0.5657939767282678,-0.5865384615384617
VP13,1,3,3.592060232717317,mutual_exclusivity,5,Frog,0,-0.5657939767282678,0.4134615384615383
VP13,1,3,3.592060232717317,simple_inf,1,Tiger,1,-0.5657939767282678,-3.5865384615384617
VP13,1,3,3.592060232717317,simple_inf,2,Tiger,0,-0.5657939767282678,-2.5865384615384617
VP13,1,3,3.592060232717317,simple_inf,3,Tiger,0,-0.5657939767282678,-1.5865384615384617
VP13,1,3,3.592060232717317,simple_inf,4,Tiger,1,-0.5657939767282678,-0.5865384615384617
VP13,1,3,3.592060232717317,simple_inf,5,Tiger,0,-0.5657939767282678,0.4134615384615383
VP13,1,3,3.592060232717317,discourse_continuity,1,Bunny,0,-0.5657939767282678,-3.5865384615384617
VP13,1,3,3.592060232717317,discourse_continuity,2,Monkey,1,-0.5657939767282678,-2.5865384615384617
VP13,1,3,3.592060232717317,discourse_continuity,3,Dog,0,-0.5657939767282678,-1.5865384615384617
VP13,1,3,3.592060232717317,discourse_continuity,4,Frog,1,-0.5657939767282678,-0.5865384615384617
VP13,1,3,3.592060232717317,discourse_continuity,5,Cat,1,-0.5657939767282678,0.4134615384615383
VP13,1,3,3.592060232717317,ad_hoc_implicature,1,Sheep,0,-0.5657939767282678,-3.5865384615384617
VP13,1,3,3.592060232717317,ad_hoc_implicature,2,Sheep,1,-0.5657939767282678,-2.5865384615384617
VP13,1,3,3.592060232717317,ad_hoc_implicature,3,Sheep,1,-0.5657939767282678,-1.5865384615384617
VP13,1,3,3.592060232717317,ad_hoc_implicature,4,Sheep,1,-0.5657939767282678,-0.5865384615384617
VP13,1,3,3.592060232717317,ad_hoc_implicature,5,Sheep,0,-0.5657939767282678,0.4134615384615383
VP13,1,3,3.592060232717317,card_sorting,1,NA,0,-0.5657939767282678,-3.5865384615384617
VP13,1,3,3.592060232717317,card_sorting,2,NA,0,-0.5657939767282678,-2.5865384615384617
VP13,1,3,3.592060232717317,card_sorting,3,NA,0,-0.5657939767282678,-1.5865384615384617
VP13,1,3,3.592060232717317,card_sorting,4,NA,0,-0.5657939767282678,-0.5865384615384617
VP13,1,3,3.592060232717317,card_sorting,5,NA,0,-0.5657939767282678,0.4134615384615383
VP13,1,3,3.592060232717317,card_sorting,6,NA,0,-0.5657939767282678,1.4134615384615383
VP14,1,3,3.154004106776181,mutual_exclusivity,1,Monkey,1,-1.003850102669404,-3.5865384615384617
VP14,1,3,3.154004106776181,mutual_exclusivity,2,Bunny,1,-1.003850102669404,-2.5865384615384617
VP14,1,3,3.154004106776181,mutual_exclusivity,3,Cat,1,-1.003850102669404,-1.5865384615384617
VP14,1,3,3.154004106776181,mutual_exclusivity,4,Dog,1,-1.003850102669404,-0.5865384615384617
VP14,1,3,3.154004106776181,mutual_exclusivity,5,Frog,0,-1.003850102669404,0.4134615384615383
VP14,1,3,3.154004106776181,simple_inf,1,Tiger,0,-1.003850102669404,-3.5865384615384617
VP14,1,3,3.154004106776181,simple_inf,2,Tiger,1,-1.003850102669404,-2.5865384615384617
VP14,1,3,3.154004106776181,simple_inf,3,Tiger,0,-1.003850102669404,-1.5865384615384617
VP14,1,3,3.154004106776181,simple_inf,4,Tiger,0,-1.003850102669404,-0.5865384615384617
VP14,1,3,3.154004106776181,simple_inf,5,Tiger,1,-1.003850102669404,0.4134615384615383
VP14,1,3,3.154004106776181,discourse_continuity,1,Bunny,1,-1.003850102669404,-3.5865384615384617
VP14,1,3,3.154004106776181,discourse_continuity,2,Monkey,0,-1.003850102669404,-2.5865384615384617
VP14,1,3,3.154004106776181,discourse_continuity,3,Dog,0,-1.003850102669404,-1.5865384615384617
VP14,1,3,3.154004106776181,discourse_continuity,4,Frog,0,-1.003850102669404,-0.5865384615384617
VP14,1,3,3.154004106776181,discourse_continuity,5,Cat,0,-1.003850102669404,0.4134615384615383
VP14,1,3,3.154004106776181,ad_hoc_implicature,1,Sheep,0,-1.003850102669404,-3.5865384615384617
VP14,1,3,3.154004106776181,ad_hoc_implicature,2,Sheep,0,-1.003850102669404,-2.5865384615384617
VP14,1,3,3.154004106776181,ad_hoc_implicature,3,Sheep,0,-1.003850102669404,-1.5865384615384617
VP14,1,3,3.154004106776181,ad_hoc_implicature,4,Sheep,0,-1.003850102669404,-0.5865384615384617
VP14,1,3,3.154004106776181,ad_hoc_implicature,5,Sheep,0,-1.003850102669404,0.4134615384615383
VP14,1,3,3.154004106776181,card_sorting,1,NA,0,-1.003850102669404,-3.5865384615384617
VP14,1,3,3.154004106776181,card_sorting,2,NA,0,-1.003850102669404,-2.5865384615384617
VP14,1,3,3.154004106776181,card_sorting,3,NA,0,-1.003850102669404,-1.5865384615384617
VP14,1,3,3.154004106776181,card_sorting,4,NA,1,-1.003850102669404,-0.5865384615384617
VP14,1,3,3.154004106776181,card_sorting,5,NA,0,-1.003850102669404,0.4134615384615383
VP14,1,3,3.154004106776181,card_sorting,6,NA,1,-1.003850102669404,1.4134615384615383
VP15,1,4,4.824093086926762,mutual_exclusivity,1,Monkey,1,0.6662388774811774,-3.5865384615384617
VP15,1,4,4.824093086926762,mutual_exclusivity,2,Bunny,1,0.6662388774811774,-2.5865384615384617
VP15,1,4,4.824093086926762,mutual_exclusivity,3,Cat,1,0.6662388774811774,-1.5865384615384617
VP15,1,4,4.824093086926762,mutual_exclusivity,4,Dog,1,0.6662388774811774,-0.5865384615384617
VP15,1,4,4.824093086926762,mutual_exclusivity,5,Frog,1,0.6662388774811774,0.4134615384615383
VP15,1,4,4.824093086926762,simple_inf,1,Tiger,1,0.6662388774811774,-3.5865384615384617
VP15,1,4,4.824093086926762,simple_inf,2,Tiger,1,0.6662388774811774,-2.5865384615384617
VP15,1,4,4.824093086926762,simple_inf,3,Tiger,1,0.6662388774811774,-1.5865384615384617
VP15,1,4,4.824093086926762,simple_inf,4,Tiger,1,0.6662388774811774,-0.5865384615384617
VP15,1,4,4.824093086926762,simple_inf,5,Tiger,0,0.6662388774811774,0.4134615384615383
VP15,1,4,4.824093086926762,discourse_continuity,1,Bunny,0,0.6662388774811774,-3.5865384615384617
VP15,1,4,4.824093086926762,discourse_continuity,2,Monkey,0,0.6662388774811774,-2.5865384615384617
VP15,1,4,4.824093086926762,discourse_continuity,3,Dog,1,0.6662388774811774,-1.5865384615384617
VP15,1,4,4.824093086926762,discourse_continuity,4,Frog,1,0.6662388774811774,-0.5865384615384617
VP15,1,4,4.824093086926762,discourse_continuity,5,Cat,1,0.6662388774811774,0.4134615384615383
VP15,1,4,4.824093086926762,ad_hoc_implicature,1,Sheep,1,0.6662388774811774,-3.5865384615384617
VP15,1,4,4.824093086926762,ad_hoc_implicature,2,Sheep,1,0.6662388774811774,-2.5865384615384617
VP15,1,4,4.824093086926762,ad_hoc_implicature,3,Sheep,1,0.6662388774811774,-1.5865384615384617
VP15,1,4,4.824093086926762,ad_hoc_implicature,4,Sheep,1,0.6662388774811774,-0.5865384615384617
VP15,1,4,4.824093086926762,ad_hoc_implicature,5,Sheep,1,0.6662388774811774,0.4134615384615383
VP15,1,4,4.824093086926762,card_sorting,1,NA,1,0.6662388774811774,-3.5865384615384617
VP15,1,4,4.824093086926762,card_sorting,2,NA,1,0.6662388774811774,-2.5865384615384617
VP15,1,4,4.824093086926762,card_sorting,3,NA,1,0.6662388774811774,-1.5865384615384617
VP15,1,4,4.824093086926762,card_sorting,4,NA,1,0.6662388774811774,-0.5865384615384617
VP15,1,4,4.824093086926762,card_sorting,5,NA,1,0.6662388774811774,0.4134615384615383
VP15,1,4,4.824093086926762,card_sorting,6,NA,1,0.6662388774811774,1.4134615384615383
VP16,1,4,4.186173853524983,mutual_exclusivity,1,Monkey,1,0.028319644079398465,-3.5865384615384617
VP16,1,4,4.186173853524983,mutual_exclusivity,2,Bunny,1,0.028319644079398465,-2.5865384615384617
VP16,1,4,4.186173853524983,mutual_exclusivity,3,Cat,1,0.028319644079398465,-1.5865384615384617
VP16,1,4,4.186173853524983,mutual_exclusivity,4,Dog,1,0.028319644079398465,-0.5865384615384617
VP16,1,4,4.186173853524983,mutual_exclusivity,5,Frog,1,0.028319644079398465,0.4134615384615383
VP16,1,4,4.186173853524983,simple_inf,1,Tiger,0,0.028319644079398465,-3.5865384615384617
VP16,1,4,4.186173853524983,simple_inf,2,Tiger,1,0.028319644079398465,-2.5865384615384617
VP16,1,4,4.186173853524983,simple_inf,3,Tiger,1,0.028319644079398465,-1.5865384615384617
VP16,1,4,4.186173853524983,simple_inf,4,Tiger,1,0.028319644079398465,-0.5865384615384617
VP16,1,4,4.186173853524983,simple_inf,5,Tiger,0,0.028319644079398465,0.4134615384615383
VP16,1,4,4.186173853524983,discourse_continuity,1,Bunny,0,0.028319644079398465,-3.5865384615384617
VP16,1,4,4.186173853524983,discourse_continuity,2,Monkey,1,0.028319644079398465,-2.5865384615384617
VP16,1,4,4.186173853524983,discourse_continuity,3,Dog,0,0.028319644079398465,-1.5865384615384617
VP16,1,4,4.186173853524983,discourse_continuity,4,Frog,0,0.028319644079398465,-0.5865384615384617
VP16,1,4,4.186173853524983,discourse_continuity,5,Cat,0,0.028319644079398465,0.4134615384615383
VP16,1,4,4.186173853524983,ad_hoc_implicature,1,Sheep,1,0.028319644079398465,-3.5865384615384617
VP16,1,4,4.186173853524983,ad_hoc_implicature,2,Sheep,1,0.028319644079398465,-2.5865384615384617
VP16,1,4,4.186173853524983,ad_hoc_implicature,3,Sheep,1,0.028319644079398465,-1.5865384615384617
VP16,1,4,4.186173853524983,ad_hoc_implicature,4,Sheep,1,0.028319644079398465,-0.5865384615384617
VP16,1,4,4.186173853524983,ad_hoc_implicature,5,Sheep,1,0.028319644079398465,0.4134615384615383
VP16,1,4,4.186173853524983,card_sorting,1,NA,1,0.028319644079398465,-3.5865384615384617
VP16,1,4,4.186173853524983,card_sorting,2,NA,1,0.028319644079398465,-2.5865384615384617
VP16,1,4,4.186173853524983,card_sorting,3,NA,1,0.028319644079398465,-1.5865384615384617
VP16,1,4,4.186173853524983,card_sorting,4,NA,1,0.028319644079398465,-0.5865384615384617
VP16,1,4,4.186173853524983,card_sorting,5,NA,1,0.028319644079398465,0.4134615384615383
VP16,1,4,4.186173853524983,card_sorting,6,NA,1,0.028319644079398465,1.4134615384615383
VP17,1,3,3.4223134839151266,mutual_exclusivity,1,Monkey,1,-0.7355407255304582,-3.5865384615384617
VP17,1,3,3.4223134839151266,mutual_exclusivity,2,Bunny,1,-0.7355407255304582,-2.5865384615384617
VP17,1,3,3.4223134839151266,mutual_exclusivity,3,Cat,1,-0.7355407255304582,-1.5865384615384617
VP17,1,3,3.4223134839151266,mutual_exclusivity,4,Dog,1,-0.7355407255304582,-0.5865384615384617
VP17,1,3,3.4223134839151266,mutual_exclusivity,5,Frog,1,-0.7355407255304582,0.4134615384615383
VP17,1,3,3.4223134839151266,simple_inf,1,Tiger,1,-0.7355407255304582,-3.5865384615384617
VP17,1,3,3.4223134839151266,simple_inf,2,Tiger,1,-0.7355407255304582,-2.5865384615384617
VP17,1,3,3.4223134839151266,simple_inf,3,Tiger,0,-0.7355407255304582,-1.5865384615384617
VP17,1,3,3.4223134839151266,simple_inf,4,Tiger,0,-0.7355407255304582,-0.5865384615384617
VP17,1,3,3.4223134839151266,simple_inf,5,Tiger,1,-0.7355407255304582,0.4134615384615383
VP17,1,3,3.4223134839151266,discourse_continuity,1,Bunny,0,-0.7355407255304582,-3.5865384615384617
VP17,1,3,3.4223134839151266,discourse_continuity,2,Monkey,1,-0.7355407255304582,-2.5865384615384617
VP17,1,3,3.4223134839151266,discourse_continuity,3,Dog,0,-0.7355407255304582,-1.5865384615384617
VP17,1,3,3.4223134839151266,discourse_continuity,4,Frog,0,-0.7355407255304582,-0.5865384615384617
VP17,1,3,3.4223134839151266,discourse_continuity,5,Cat,1,-0.7355407255304582,0.4134615384615383
VP17,1,3,3.4223134839151266,ad_hoc_implicature,1,Sheep,1,-0.7355407255304582,-3.5865384615384617
VP17,1,3,3.4223134839151266,ad_hoc_implicature,2,Sheep,1,-0.7355407255304582,-2.5865384615384617
VP17,1,3,3.4223134839151266,ad_hoc_implicature,3,Sheep,1,-0.7355407255304582,-1.5865384615384617
VP17,1,3,3.4223134839151266,ad_hoc_implicature,4,Sheep,1,-0.7355407255304582,-0.5865384615384617
VP17,1,3,3.4223134839151266,ad_hoc_implicature,5,Sheep,0,-0.7355407255304582,0.4134615384615383
VP17,1,3,3.4223134839151266,card_sorting,1,NA,0,-0.7355407255304582,-3.5865384615384617
VP17,1,3,3.4223134839151266,card_sorting,2,NA,0,-0.7355407255304582,-2.5865384615384617
VP17,1,3,3.4223134839151266,card_sorting,3,NA,0,-0.7355407255304582,-1.5865384615384617
VP17,1,3,3.4223134839151266,card_sorting,4,NA,0,-0.7355407255304582,-0.5865384615384617
VP17,1,3,3.4223134839151266,card_sorting,5,NA,0,-0.7355407255304582,0.4134615384615383
VP17,1,3,3.4223134839151266,card_sorting,6,NA,0,-0.7355407255304582,1.4134615384615383
VP18,1,3,3.2334017796030117,mutual_exclusivity,1,Monkey,1,-0.9244524298425731,-3.5865384615384617
VP18,1,3,3.2334017796030117,mutual_exclusivity,2,Bunny,1,-0.9244524298425731,-2.5865384615384617
VP18,1,3,3.2334017796030117,mutual_exclusivity,3,Cat,0,-0.9244524298425731,-1.5865384615384617
VP18,1,3,3.2334017796030117,mutual_exclusivity,4,Dog,1,-0.9244524298425731,-0.5865384615384617
VP18,1,3,3.2334017796030117,mutual_exclusivity,5,Frog,1,-0.9244524298425731,0.4134615384615383
VP18,1,3,3.2334017796030117,simple_inf,1,Tiger,0,-0.9244524298425731,-3.5865384615384617
VP18,1,3,3.2334017796030117,simple_inf,2,Tiger,0,-0.9244524298425731,-2.5865384615384617
VP18,1,3,3.2334017796030117,simple_inf,3,Tiger,1,-0.9244524298425731,-1.5865384615384617
VP18,1,3,3.2334017796030117,simple_inf,4,Tiger,0,-0.9244524298425731,-0.5865384615384617
VP18,1,3,3.2334017796030117,simple_inf,5,Tiger,1,-0.9244524298425731,0.4134615384615383
VP18,1,3,3.2334017796030117,discourse_continuity,1,Bunny,0,-0.9244524298425731,-3.5865384615384617
VP18,1,3,3.2334017796030117,discourse_continuity,2,Monkey,1,-0.9244524298425731,-2.5865384615384617
VP18,1,3,3.2334017796030117,discourse_continuity,3,Dog,0,-0.9244524298425731,-1.5865384615384617
VP18,1,3,3.2334017796030117,discourse_continuity,4,Frog,0,-0.9244524298425731,-0.5865384615384617
VP18,1,3,3.2334017796030117,discourse_continuity,5,Cat,1,-0.9244524298425731,0.4134615384615383
VP18,1,3,3.2334017796030117,ad_hoc_implicature,1,Sheep,0,-0.9244524298425731,-3.5865384615384617
VP18,1,3,3.2334017796030117,ad_hoc_implicature,2,Sheep,1,-0.9244524298425731,-2.5865384615384617
VP18,1,3,3.2334017796030117,ad_hoc_implicature,3,Sheep,1,-0.9244524298425731,-1.5865384615384617
VP18,1,3,3.2334017796030117,ad_hoc_implicature,4,Sheep,1,-0.9244524298425731,-0.5865384615384617
VP18,1,3,3.2334017796030117,ad_hoc_implicature,5,Sheep,0,-0.9244524298425731,0.4134615384615383
VP18,1,3,3.2334017796030117,card_sorting,1,NA,0,-0.9244524298425731,-3.5865384615384617
VP18,1,3,3.2334017796030117,card_sorting,2,NA,0,-0.9244524298425731,-2.5865384615384617
VP18,1,3,3.2334017796030117,card_sorting,3,NA,0,-0.9244524298425731,-1.5865384615384617
VP18,1,3,3.2334017796030117,card_sorting,4,NA,1,-0.9244524298425731,-0.5865384615384617
VP18,1,3,3.2334017796030117,card_sorting,5,NA,0,-0.9244524298425731,0.4134615384615383
VP18,1,3,3.2334017796030117,card_sorting,6,NA,1,-0.9244524298425731,1.4134615384615383
VP4,2,3,3.8302532511978096,mutual_exclusivity,6,Monkey,1,-0.32760095824777524,1.4134615384615383
VP4,2,3,3.8302532511978096,mutual_exclusivity,7,Bunny,1,-0.32760095824777524,2.4134615384615383
VP4,2,3,3.8302532511978096,mutual_exclusivity,8,Cat,1,-0.32760095824777524,3.4134615384615383
VP4,2,3,3.8302532511978096,mutual_exclusivity,9,Dog,1,-0.32760095824777524,4.413461538461538
VP4,2,3,3.8302532511978096,mutual_exclusivity,10,Frog,0,-0.32760095824777524,5.413461538461538
VP4,2,3,3.8302532511978096,simple_inf,6,Tiger,1,-0.32760095824777524,1.4134615384615383
VP4,2,3,3.8302532511978096,simple_inf,7,Tiger,1,-0.32760095824777524,2.4134615384615383
VP4,2,3,3.8302532511978096,simple_inf,8,Tiger,1,-0.32760095824777524,3.4134615384615383
VP4,2,3,3.8302532511978096,simple_inf,9,Tiger,1,-0.32760095824777524,4.413461538461538
VP4,2,3,3.8302532511978096,simple_inf,10,Tiger,0,-0.32760095824777524,5.413461538461538
VP4,2,3,3.8302532511978096,discourse_continuity,6,Bunny,1,-0.32760095824777524,1.4134615384615383
VP4,2,3,3.8302532511978096,discourse_continuity,7,Monkey,1,-0.32760095824777524,2.4134615384615383
VP4,2,3,3.8302532511978096,discourse_continuity,8,Dog,1,-0.32760095824777524,3.4134615384615383
VP4,2,3,3.8302532511978096,discourse_continuity,9,Frog,1,-0.32760095824777524,4.413461538461538
VP4,2,3,3.8302532511978096,discourse_continuity,10,Cat,1,-0.32760095824777524,5.413461538461538
VP4,2,3,3.8302532511978096,ad_hoc_implicature,6,Sheep,1,-0.32760095824777524,1.4134615384615383
VP4,2,3,3.8302532511978096,ad_hoc_implicature,7,Sheep,1,-0.32760095824777524,2.4134615384615383
VP4,2,3,3.8302532511978096,ad_hoc_implicature,8,Sheep,1,-0.32760095824777524,3.4134615384615383
VP4,2,3,3.8302532511978096,ad_hoc_implicature,9,Sheep,1,-0.32760095824777524,4.413461538461538
VP4,2,3,3.8302532511978096,ad_hoc_implicature,10,Sheep,1,-0.32760095824777524,5.413461538461538
VP4,2,3,3.8302532511978096,card_sorting,7,NA,1,-0.32760095824777524,2.4134615384615383
VP4,2,3,3.8302532511978096,card_sorting,8,NA,1,-0.32760095824777524,3.4134615384615383
VP4,2,3,3.8302532511978096,card_sorting,9,NA,1,-0.32760095824777524,4.413461538461538
VP4,2,3,3.8302532511978096,card_sorting,10,NA,1,-0.32760095824777524,5.413461538461538
VP4,2,3,3.8302532511978096,card_sorting,11,NA,0,-0.32760095824777524,6.413461538461538
VP4,2,3,3.8302532511978096,card_sorting,12,NA,0,-0.32760095824777524,7.413461538461538
VP3,2,3,3.698836413415469,mutual_exclusivity,6,Monkey,1,-0.45901779603011583,1.4134615384615383
VP3,2,3,3.698836413415469,mutual_exclusivity,7,Bunny,1,-0.45901779603011583,2.4134615384615383
VP3,2,3,3.698836413415469,mutual_exclusivity,8,Cat,0,-0.45901779603011583,3.4134615384615383
VP3,2,3,3.698836413415469,mutual_exclusivity,9,Dog,1,-0.45901779603011583,4.413461538461538
VP3,2,3,3.698836413415469,mutual_exclusivity,10,Frog,1,-0.45901779603011583,5.413461538461538
VP3,2,3,3.698836413415469,simple_inf,6,Tiger,1,-0.45901779603011583,1.4134615384615383
VP3,2,3,3.698836413415469,simple_inf,7,Tiger,0,-0.45901779603011583,2.4134615384615383
VP3,2,3,3.698836413415469,simple_inf,8,Tiger,0,-0.45901779603011583,3.4134615384615383
VP3,2,3,3.698836413415469,simple_inf,9,Tiger,1,-0.45901779603011583,4.413461538461538
VP3,2,3,3.698836413415469,simple_inf,10,Tiger,1,-0.45901779603011583,5.413461538461538
VP3,2,3,3.698836413415469,discourse_continuity,6,Bunny,1,-0.45901779603011583,1.4134615384615383
VP3,2,3,3.698836413415469,discourse_continuity,7,Monkey,0,-0.45901779603011583,2.4134615384615383
VP3,2,3,3.698836413415469,discourse_continuity,8,Dog,0,-0.45901779603011583,3.4134615384615383
VP3,2,3,3.698836413415469,discourse_continuity,9,Frog,0,-0.45901779603011583,4.413461538461538
VP3,2,3,3.698836413415469,discourse_continuity,10,Cat,0,-0.45901779603011583,5.413461538461538
VP3,2,3,3.698836413415469,ad_hoc_implicature,6,Sheep,1,-0.45901779603011583,1.4134615384615383
VP3,2,3,3.698836413415469,ad_hoc_implicature,7,Sheep,1,-0.45901779603011583,2.4134615384615383
VP3,2,3,3.698836413415469,ad_hoc_implicature,8,Sheep,1,-0.45901779603011583,3.4134615384615383
VP3,2,3,3.698836413415469,ad_hoc_implicature,9,Sheep,1,-0.45901779603011583,4.413461538461538
VP3,2,3,3.698836413415469,ad_hoc_implicature,10,Sheep,0,-0.45901779603011583,5.413461538461538
VP3,2,3,3.698836413415469,card_sorting,7,NA,0,-0.45901779603011583,2.4134615384615383
VP3,2,3,3.698836413415469,card_sorting,8,NA,0,-0.45901779603011583,3.4134615384615383
VP3,2,3,3.698836413415469,card_sorting,9,NA,0,-0.45901779603011583,4.413461538461538
VP3,2,3,3.698836413415469,card_sorting,10,NA,0,-0.45901779603011583,5.413461538461538
VP3,2,3,3.698836413415469,card_sorting,11,NA,0,-0.45901779603011583,6.413461538461538
VP3,2,3,3.698836413415469,card_sorting,12,NA,0,-0.45901779603011583,7.413461538461538
VP2,2,4,4.435318275154004,mutual_exclusivity,6,Monkey,1,0.2774640657084193,1.4134615384615383
VP2,2,4,4.435318275154004,mutual_exclusivity,7,Bunny,1,0.2774640657084193,2.4134615384615383
VP2,2,4,4.435318275154004,mutual_exclusivity,8,Cat,1,0.2774640657084193,3.4134615384615383
VP2,2,4,4.435318275154004,mutual_exclusivity,9,Dog,1,0.2774640657084193,4.413461538461538
VP2,2,4,4.435318275154004,mutual_exclusivity,10,Frog,1,0.2774640657084193,5.413461538461538
VP2,2,4,4.435318275154004,simple_inf,6,Tiger,1,0.2774640657084193,1.4134615384615383
VP2,2,4,4.435318275154004,simple_inf,7,Tiger,1,0.2774640657084193,2.4134615384615383
VP2,2,4,4.435318275154004,simple_inf,8,Tiger,0,0.2774640657084193,3.4134615384615383
VP2,2,4,4.435318275154004,simple_inf,9,Tiger,0,0.2774640657084193,4.413461538461538
VP2,2,4,4.435318275154004,simple_inf,10,Tiger,1,0.2774640657084193,5.413461538461538
VP2,2,4,4.435318275154004,discourse_continuity,6,Bunny,1,0.2774640657084193,1.4134615384615383
VP2,2,4,4.435318275154004,discourse_continuity,7,Monkey,0,0.2774640657084193,2.4134615384615383
VP2,2,4,4.435318275154004,discourse_continuity,8,Dog,1,0.2774640657084193,3.4134615384615383
VP2,2,4,4.435318275154004,discourse_continuity,9,Frog,1,0.2774640657084193,4.413461538461538
VP2,2,4,4.435318275154004,discourse_continuity,10,Cat,1,0.2774640657084193,5.413461538461538
VP2,2,4,4.435318275154004,ad_hoc_implicature,6,Sheep,1,0.2774640657084193,1.4134615384615383
VP2,2,4,4.435318275154004,ad_hoc_implicature,7,Sheep,1,0.2774640657084193,2.4134615384615383
VP2,2,4,4.435318275154004,ad_hoc_implicature,8,Sheep,1,0.2774640657084193,3.4134615384615383
VP2,2,4,4.435318275154004,ad_hoc_implicature,9,Sheep,1,0.2774640657084193,4.413461538461538
VP2,2,4,4.435318275154004,ad_hoc_implicature,10,Sheep,1,0.2774640657084193,5.413461538461538
VP2,2,4,4.435318275154004,card_sorting,7,NA,0,0.2774640657084193,2.4134615384615383
VP2,2,4,4.435318275154004,card_sorting,8,NA,0,0.2774640657084193,3.4134615384615383
VP2,2,4,4.435318275154004,card_sorting,9,NA,0,0.2774640657084193,4.413461538461538
VP2,2,4,4.435318275154004,card_sorting,10,NA,0,0.2774640657084193,5.413461538461538
VP2,2,4,4.435318275154004,card_sorting,11,NA,0,0.2774640657084193,6.413461538461538
VP2,2,4,4.435318275154004,card_sorting,12,NA,0,0.2774640657084193,7.413461538461538
VP19,1,3,3.430527036276523,mutual_exclusivity,1,Monkey,0,-0.727327173169062,-3.5865384615384617
VP19,1,3,3.430527036276523,mutual_exclusivity,2,Bunny,1,-0.727327173169062,-2.5865384615384617
VP19,1,3,3.430527036276523,mutual_exclusivity,3,Cat,1,-0.727327173169062,-1.5865384615384617
VP19,1,3,3.430527036276523,mutual_exclusivity,4,Dog,1,-0.727327173169062,-0.5865384615384617
VP19,1,3,3.430527036276523,mutual_exclusivity,5,Frog,0,-0.727327173169062,0.4134615384615383
VP19,1,3,3.430527036276523,simple_inf,1,Tiger,1,-0.727327173169062,-3.5865384615384617
VP19,1,3,3.430527036276523,simple_inf,2,Tiger,0,-0.727327173169062,-2.5865384615384617
VP19,1,3,3.430527036276523,simple_inf,3,Tiger,0,-0.727327173169062,-1.5865384615384617
VP19,1,3,3.430527036276523,simple_inf,4,Tiger,0,-0.727327173169062,-0.5865384615384617
VP19,1,3,3.430527036276523,simple_inf,5,Tiger,0,-0.727327173169062,0.4134615384615383
VP19,1,3,3.430527036276523,discourse_continuity,1,Bunny,1,-0.727327173169062,-3.5865384615384617
VP19,1,3,3.430527036276523,discourse_continuity,2,Monkey,1,-0.727327173169062,-2.5865384615384617
VP19,1,3,3.430527036276523,discourse_continuity,3,Dog,1,-0.727327173169062,-1.5865384615384617
VP19,1,3,3.430527036276523,discourse_continuity,4,Frog,1,-0.727327173169062,-0.5865384615384617
VP19,1,3,3.430527036276523,discourse_continuity,5,Cat,0,-0.727327173169062,0.4134615384615383
VP19,1,3,3.430527036276523,ad_hoc_implicature,1,Sheep,1,-0.727327173169062,-3.5865384615384617
VP19,1,3,3.430527036276523,ad_hoc_implicature,2,Sheep,1,-0.727327173169062,-2.5865384615384617
VP19,1,3,3.430527036276523,ad_hoc_implicature,3,Sheep,1,-0.727327173169062,-1.5865384615384617
VP19,1,3,3.430527036276523,ad_hoc_implicature,4,Sheep,0,-0.727327173169062,-0.5865384615384617
VP19,1,3,3.430527036276523,ad_hoc_implicature,5,Sheep,0,-0.727327173169062,0.4134615384615383
VP19,1,3,3.430527036276523,card_sorting,1,NA,0,-0.727327173169062,-3.5865384615384617
VP19,1,3,3.430527036276523,card_sorting,2,NA,0,-0.727327173169062,-2.5865384615384617
VP19,1,3,3.430527036276523,card_sorting,3,NA,0,-0.727327173169062,-1.5865384615384617
VP19,1,3,3.430527036276523,card_sorting,4,NA,0,-0.727327173169062,-0.5865384615384617
VP19,1,3,3.430527036276523,card_sorting,5,NA,0,-0.727327173169062,0.4134615384615383
VP19,1,3,3.430527036276523,card_sorting,6,NA,0,-0.727327173169062,1.4134615384615383
VP8,2,4,4.725530458590007,mutual_exclusivity,6,Monkey,1,0.567676249144422,1.4134615384615383
VP8,2,4,4.725530458590007,mutual_exclusivity,7,Bunny,1,0.567676249144422,2.4134615384615383
VP8,2,4,4.725530458590007,mutual_exclusivity,8,Cat,1,0.567676249144422,3.4134615384615383
VP8,2,4,4.725530458590007,mutual_exclusivity,9,Dog,1,0.567676249144422,4.413461538461538
VP8,2,4,4.725530458590007,mutual_exclusivity,10,Frog,1,0.567676249144422,5.413461538461538
VP8,2,4,4.725530458590007,simple_inf,6,Tiger,1,0.567676249144422,1.4134615384615383
VP8,2,4,4.725530458590007,simple_inf,7,Tiger,1,0.567676249144422,2.4134615384615383
VP8,2,4,4.725530458590007,simple_inf,8,Tiger,1,0.567676249144422,3.4134615384615383
VP8,2,4,4.725530458590007,simple_inf,9,Tiger,1,0.567676249144422,4.413461538461538
VP8,2,4,4.725530458590007,simple_inf,10,Tiger,1,0.567676249144422,5.413461538461538
VP8,2,4,4.725530458590007,discourse_continuity,6,Bunny,1,0.567676249144422,1.4134615384615383
VP8,2,4,4.725530458590007,discourse_continuity,7,Monkey,1,0.567676249144422,2.4134615384615383
VP8,2,4,4.725530458590007,discourse_continuity,8,Dog,1,0.567676249144422,3.4134615384615383
VP8,2,4,4.725530458590007,discourse_continuity,9,Frog,0,0.567676249144422,4.413461538461538
VP8,2,4,4.725530458590007,discourse_continuity,10,Cat,0,0.567676249144422,5.413461538461538
VP8,2,4,4.725530458590007,ad_hoc_implicature,6,Sheep,1,0.567676249144422,1.4134615384615383
VP8,2,4,4.725530458590007,ad_hoc_implicature,7,Sheep,1,0.567676249144422,2.4134615384615383
VP8,2,4,4.725530458590007,ad_hoc_implicature,8,Sheep,1,0.567676249144422,3.4134615384615383
VP8,2,4,4.725530458590007,ad_hoc_implicature,9,Sheep,1,0.567676249144422,4.413461538461538
VP8,2,4,4.725530458590007,ad_hoc_implicature,10,Sheep,1,0.567676249144422,5.413461538461538
VP8,2,4,4.725530458590007,card_sorting,7,NA,1,0.567676249144422,2.4134615384615383
VP8,2,4,4.725530458590007,card_sorting,8,NA,1,0.567676249144422,3.4134615384615383
VP8,2,4,4.725530458590007,card_sorting,9,NA,1,0.567676249144422,4.413461538461538
VP8,2,4,4.725530458590007,card_sorting,10,NA,1,0.567676249144422,5.413461538461538
VP8,2,4,4.725530458590007,card_sorting,11,NA,1,0.567676249144422,6.413461538461538
VP8,2,4,4.725530458590007,card_sorting,12,NA,1,0.567676249144422,7.413461538461538
VP9,2,4,4.725530458590007,mutual_exclusivity,6,Monkey,1,0.567676249144422,1.4134615384615383
VP9,2,4,4.725530458590007,mutual_exclusivity,7,Bunny,1,0.567676249144422,2.4134615384615383
VP9,2,4,4.725530458590007,mutual_exclusivity,8,Cat,1,0.567676249144422,3.4134615384615383
VP9,2,4,4.725530458590007,mutual_exclusivity,9,Dog,1,0.567676249144422,4.413461538461538
VP9,2,4,4.725530458590007,mutual_exclusivity,10,Frog,1,0.567676249144422,5.413461538461538
VP9,2,4,4.725530458590007,simple_inf,6,Tiger,1,0.567676249144422,1.4134615384615383
VP9,2,4,4.725530458590007,simple_inf,7,Tiger,1,0.567676249144422,2.4134615384615383
VP9,2,4,4.725530458590007,simple_inf,8,Tiger,1,0.567676249144422,3.4134615384615383
VP9,2,4,4.725530458590007,simple_inf,9,Tiger,1,0.567676249144422,4.413461538461538
VP9,2,4,4.725530458590007,simple_inf,10,Tiger,1,0.567676249144422,5.413461538461538
VP9,2,4,4.725530458590007,discourse_continuity,6,Bunny,1,0.567676249144422,1.4134615384615383
VP9,2,4,4.725530458590007,discourse_continuity,7,Monkey,1,0.567676249144422,2.4134615384615383
VP9,2,4,4.725530458590007,discourse_continuity,8,Dog,1,0.567676249144422,3.4134615384615383
VP9,2,4,4.725530458590007,discourse_continuity,9,Frog,1,0.567676249144422,4.413461538461538
VP9,2,4,4.725530458590007,discourse_continuity,10,Cat,1,0.567676249144422,5.413461538461538
VP9,2,4,4.725530458590007,ad_hoc_implicature,6,Sheep,1,0.567676249144422,1.4134615384615383
VP9,2,4,4.725530458590007,ad_hoc_implicature,7,Sheep,1,0.567676249144422,2.4134615384615383
VP9,2,4,4.725530458590007,ad_hoc_implicature,8,Sheep,1,0.567676249144422,3.4134615384615383
VP9,2,4,4.725530458590007,ad_hoc_implicature,9,Sheep,1,0.567676249144422,4.413461538461538
VP9,2,4,4.725530458590007,ad_hoc_implicature,10,Sheep,1,0.567676249144422,5.413461538461538
VP9,2,4,4.725530458590007,card_sorting,7,NA,1,0.567676249144422,2.4134615384615383
VP9,2,4,4.725530458590007,card_sorting,8,NA,1,0.567676249144422,3.4134615384615383
VP9,2,4,4.725530458590007,card_sorting,9,NA,1,0.567676249144422,4.413461538461538
VP9,2,4,4.725530458590007,card_sorting,10,NA,1,0.567676249144422,5.413461538461538
VP9,2,4,4.725530458590007,card_sorting,11,NA,1,0.567676249144422,6.413461538461538
VP9,2,4,4.725530458590007,card_sorting,12,NA,1,0.567676249144422,7.413461538461538
VP20,1,4,4.63791923340178,mutual_exclusivity,1,Monkey,1,0.480065023956195,-3.5865384615384617
VP20,1,4,4.63791923340178,mutual_exclusivity,2,Bunny,1,0.480065023956195,-2.5865384615384617
VP20,1,4,4.63791923340178,mutual_exclusivity,3,Cat,1,0.480065023956195,-1.5865384615384617
VP20,1,4,4.63791923340178,mutual_exclusivity,4,Dog,1,0.480065023956195,-0.5865384615384617
VP20,1,4,4.63791923340178,mutual_exclusivity,5,Frog,1,0.480065023956195,0.4134615384615383
VP20,1,4,4.63791923340178,simple_inf,1,Tiger,1,0.480065023956195,-3.5865384615384617
VP20,1,4,4.63791923340178,simple_inf,2,Tiger,1,0.480065023956195,-2.5865384615384617
VP20,1,4,4.63791923340178,simple_inf,3,Tiger,1,0.480065023956195,-1.5865384615384617
VP20,1,4,4.63791923340178,simple_inf,4,Tiger,1,0.480065023956195,-0.5865384615384617
VP20,1,4,4.63791923340178,simple_inf,5,Tiger,0,0.480065023956195,0.4134615384615383
VP20,1,4,4.63791923340178,discourse_continuity,1,Bunny,0,0.480065023956195,-3.5865384615384617
VP20,1,4,4.63791923340178,discourse_continuity,2,Monkey,1,0.480065023956195,-2.5865384615384617
VP20,1,4,4.63791923340178,discourse_continuity,3,Dog,0,0.480065023956195,-1.5865384615384617
VP20,1,4,4.63791923340178,discourse_continuity,4,Frog,1,0.480065023956195,-0.5865384615384617
VP20,1,4,4.63791923340178,discourse_continuity,5,Cat,0,0.480065023956195,0.4134615384615383
VP20,1,4,4.63791923340178,ad_hoc_implicature,1,Sheep,1,0.480065023956195,-3.5865384615384617
VP20,1,4,4.63791923340178,ad_hoc_implicature,2,Sheep,1,0.480065023956195,-2.5865384615384617
VP20,1,4,4.63791923340178,ad_hoc_implicature,3,Sheep,1,0.480065023956195,-1.5865384615384617
VP20,1,4,4.63791923340178,ad_hoc_implicature,4,Sheep,1,0.480065023956195,-0.5865384615384617
VP20,1,4,4.63791923340178,ad_hoc_implicature,5,Sheep,1,0.480065023956195,0.4134615384615383
VP20,1,4,4.63791923340178,card_sorting,1,NA,1,0.480065023956195,-3.5865384615384617
VP20,1,4,4.63791923340178,card_sorting,2,NA,1,0.480065023956195,-2.5865384615384617
VP20,1,4,4.63791923340178,card_sorting,3,NA,1,0.480065023956195,-1.5865384615384617
VP20,1,4,4.63791923340178,card_sorting,4,NA,1,0.480065023956195,-0.5865384615384617
VP20,1,4,4.63791923340178,card_sorting,5,NA,1,0.480065023956195,0.4134615384615383
VP20,1,4,4.63791923340178,card_sorting,6,NA,1,0.480065023956195,1.4134615384615383
VP21,1,4,4.251882272416153,mutual_exclusivity,1,Monkey,1,0.0940280629705681,-3.5865384615384617
VP21,1,4,4.251882272416153,mutual_exclusivity,2,Bunny,1,0.0940280629705681,-2.5865384615384617
VP21,1,4,4.251882272416153,mutual_exclusivity,3,Cat,1,0.0940280629705681,-1.5865384615384617
VP21,1,4,4.251882272416153,mutual_exclusivity,4,Dog,1,0.0940280629705681,-0.5865384615384617
VP21,1,4,4.251882272416153,mutual_exclusivity,5,Frog,1,0.0940280629705681,0.4134615384615383
VP21,1,4,4.251882272416153,simple_inf,1,Tiger,1,0.0940280629705681,-3.5865384615384617
VP21,1,4,4.251882272416153,simple_inf,2,Tiger,0,0.0940280629705681,-2.5865384615384617
VP21,1,4,4.251882272416153,simple_inf,3,Tiger,0,0.0940280629705681,-1.5865384615384617
VP21,1,4,4.251882272416153,simple_inf,4,Tiger,1,0.0940280629705681,-0.5865384615384617
VP21,1,4,4.251882272416153,simple_inf,5,Tiger,0,0.0940280629705681,0.4134615384615383
VP21,1,4,4.251882272416153,discourse_continuity,1,Bunny,0,0.0940280629705681,-3.5865384615384617
VP21,1,4,4.251882272416153,discourse_continuity,2,Monkey,1,0.0940280629705681,-2.5865384615384617
VP21,1,4,4.251882272416153,discourse_continuity,3,Dog,0,0.0940280629705681,-1.5865384615384617
VP21,1,4,4.251882272416153,discourse_continuity,4,Frog,1,0.0940280629705681,-0.5865384615384617
VP21,1,4,4.251882272416153,discourse_continuity,5,Cat,0,0.0940280629705681,0.4134615384615383
VP21,1,4,4.251882272416153,ad_hoc_implicature,1,Sheep,1,0.0940280629705681,-3.5865384615384617
VP21,1,4,4.251882272416153,ad_hoc_implicature,2,Sheep,1,0.0940280629705681,-2.5865384615384617
VP21,1,4,4.251882272416153,ad_hoc_implicature,3,Sheep,1,0.0940280629705681,-1.5865384615384617
VP21,1,4,4.251882272416153,ad_hoc_implicature,4,Sheep,1,0.0940280629705681,-0.5865384615384617
VP21,1,4,4.251882272416153,ad_hoc_implicature,5,Sheep,1,0.0940280629705681,0.4134615384615383
VP21,1,4,4.251882272416153,card_sorting,1,NA,1,0.0940280629705681,-3.5865384615384617
VP21,1,4,4.251882272416153,card_sorting,2,NA,1,0.0940280629705681,-2.5865384615384617
VP21,1,4,4.251882272416153,card_sorting,3,NA,1,0.0940280629705681,-1.5865384615384617
VP21,1,4,4.251882272416153,card_sorting,4,NA,1,0.0940280629705681,-0.5865384615384617
VP21,1,4,4.251882272416153,card_sorting,5,NA,1,0.0940280629705681,0.4134615384615383
VP21,1,4,4.251882272416153,card_sorting,6,NA,1,0.0940280629705681,1.4134615384615383
VP21,2,4,4.251882272416153,mutual_exclusivity,6,Monkey,1,0.0940280629705681,1.4134615384615383
VP21,2,4,4.251882272416153,mutual_exclusivity,7,Bunny,1,0.0940280629705681,2.4134615384615383
VP21,2,4,4.251882272416153,mutual_exclusivity,8,Cat,1,0.0940280629705681,3.4134615384615383
VP21,2,4,4.251882272416153,mutual_exclusivity,9,Dog,1,0.0940280629705681,4.413461538461538
VP21,2,4,4.251882272416153,mutual_exclusivity,10,Frog,1,0.0940280629705681,5.413461538461538
VP21,2,4,4.251882272416153,simple_inf,6,Tiger,1,0.0940280629705681,1.4134615384615383
VP21,2,4,4.251882272416153,simple_inf,7,Tiger,0,0.0940280629705681,2.4134615384615383
VP21,2,4,4.251882272416153,simple_inf,8,Tiger,1,0.0940280629705681,3.4134615384615383
VP21,2,4,4.251882272416153,simple_inf,9,Tiger,1,0.0940280629705681,4.413461538461538
VP21,2,4,4.251882272416153,simple_inf,10,Tiger,0,0.0940280629705681,5.413461538461538
VP21,2,4,4.251882272416153,discourse_continuity,6,Bunny,0,0.0940280629705681,1.4134615384615383
VP21,2,4,4.251882272416153,discourse_continuity,7,Monkey,1,0.0940280629705681,2.4134615384615383
VP21,2,4,4.251882272416153,discourse_continuity,8,Dog,1,0.0940280629705681,3.4134615384615383
VP21,2,4,4.251882272416153,discourse_continuity,9,Frog,0,0.0940280629705681,4.413461538461538
VP21,2,4,4.251882272416153,discourse_continuity,10,Cat,0,0.0940280629705681,5.413461538461538
VP21,2,4,4.251882272416153,ad_hoc_implicature,6,Sheep,1,0.0940280629705681,1.4134615384615383
VP21,2,4,4.251882272416153,ad_hoc_implicature,7,Sheep,1,0.0940280629705681,2.4134615384615383
VP21,2,4,4.251882272416153,ad_hoc_implicature,8,Sheep,1,0.0940280629705681,3.4134615384615383
VP21,2,4,4.251882272416153,ad_hoc_implicature,9,Sheep,1,0.0940280629705681,4.413461538461538
VP21,2,4,4.251882272416153,ad_hoc_implicature,10,Sheep,1,0.0940280629705681,5.413461538461538
VP21,2,4,4.251882272416153,card_sorting,7,NA,1,0.0940280629705681,2.4134615384615383
VP21,2,4,4.251882272416153,card_sorting,8,NA,1,0.0940280629705681,3.4134615384615383
VP21,2,4,4.251882272416153,card_sorting,9,NA,1,0.0940280629705681,4.413461538461538
VP21,2,4,4.251882272416153,card_sorting,10,NA,1,0.0940280629705681,5.413461538461538
VP21,2,4,4.251882272416153,card_sorting,11,NA,1,0.0940280629705681,6.413461538461538
VP21,2,4,4.251882272416153,card_sorting,12,NA,1,0.0940280629705681,7.413461538461538
VP20,2,4,4.63791923340178,mutual_exclusivity,6,Monkey,1,0.480065023956195,1.4134615384615383
VP20,2,4,4.63791923340178,mutual_exclusivity,7,Bunny,1,0.480065023956195,2.4134615384615383
VP20,2,4,4.63791923340178,mutual_exclusivity,8,Cat,1,0.480065023956195,3.4134615384615383
VP20,2,4,4.63791923340178,mutual_exclusivity,9,Dog,1,0.480065023956195,4.413461538461538
VP20,2,4,4.63791923340178,mutual_exclusivity,10,Frog,1,0.480065023956195,5.413461538461538
VP20,2,4,4.63791923340178,simple_inf,6,Tiger,1,0.480065023956195,1.4134615384615383
VP20,2,4,4.63791923340178,simple_inf,7,Tiger,1,0.480065023956195,2.4134615384615383
VP20,2,4,4.63791923340178,simple_inf,8,Tiger,1,0.480065023956195,3.4134615384615383
VP20,2,4,4.63791923340178,simple_inf,9,Tiger,1,0.480065023956195,4.413461538461538
VP20,2,4,4.63791923340178,simple_inf,10,Tiger,0,0.480065023956195,5.413461538461538
VP20,2,4,4.63791923340178,discourse_continuity,6,Bunny,0,0.480065023956195,1.4134615384615383
VP20,2,4,4.63791923340178,discourse_continuity,7,Monkey,0,0.480065023956195,2.4134615384615383
VP20,2,4,4.63791923340178,discourse_continuity,8,Dog,0,0.480065023956195,3.4134615384615383
VP20,2,4,4.63791923340178,discourse_continuity,9,Frog,1,0.480065023956195,4.413461538461538
VP20,2,4,4.63791923340178,discourse_continuity,10,Cat,0,0.480065023956195,5.413461538461538
VP20,2,4,4.63791923340178,ad_hoc_implicature,6,Sheep,1,0.480065023956195,1.4134615384615383
VP20,2,4,4.63791923340178,ad_hoc_implicature,7,Sheep,1,0.480065023956195,2.4134615384615383
VP20,2,4,4.63791923340178,ad_hoc_implicature,8,Sheep,1,0.480065023956195,3.4134615384615383
VP20,2,4,4.63791923340178,ad_hoc_implicature,9,Sheep,1,0.480065023956195,4.413461538461538
VP20,2,4,4.63791923340178,ad_hoc_implicature,10,Sheep,1,0.480065023956195,5.413461538461538
VP20,2,4,4.63791923340178,card_sorting,7,NA,1,0.480065023956195,2.4134615384615383
VP20,2,4,4.63791923340178,card_sorting,8,NA,1,0.480065023956195,3.4134615384615383
VP20,2,4,4.63791923340178,card_sorting,9,NA,1,0.480065023956195,4.413461538461538
VP20,2,4,4.63791923340178,card_sorting,10,NA,1,0.480065023956195,5.413461538461538
VP20,2,4,4.63791923340178,card_sorting,11,NA,1,0.480065023956195,6.413461538461538
VP20,2,4,4.63791923340178,card_sorting,12,NA,1,0.480065023956195,7.413461538461538
VP22,1,4,4.933607118412047,mutual_exclusivity,1,Monkey,1,0.7757529089664619,-3.5865384615384617
VP22,1,4,4.933607118412047,mutual_exclusivity,2,Bunny,1,0.7757529089664619,-2.5865384615384617
VP22,1,4,4.933607118412047,mutual_exclusivity,3,Cat,1,0.7757529089664619,-1.5865384615384617
VP22,1,4,4.933607118412047,mutual_exclusivity,4,Dog,1,0.7757529089664619,-0.5865384615384617
VP22,1,4,4.933607118412047,mutual_exclusivity,5,Frog,1,0.7757529089664619,0.4134615384615383
VP22,1,4,4.933607118412047,simple_inf,1,Tiger,0,0.7757529089664619,-3.5865384615384617
VP22,1,4,4.933607118412047,simple_inf,2,Tiger,1,0.7757529089664619,-2.5865384615384617
VP22,1,4,4.933607118412047,simple_inf,3,Tiger,1,0.7757529089664619,-1.5865384615384617
VP22,1,4,4.933607118412047,simple_inf,4,Tiger,1,0.7757529089664619,-0.5865384615384617
VP22,1,4,4.933607118412047,simple_inf,5,Tiger,1,0.7757529089664619,0.4134615384615383
VP22,1,4,4.933607118412047,discourse_continuity,1,Bunny,1,0.7757529089664619,-3.5865384615384617
VP22,1,4,4.933607118412047,discourse_continuity,2,Monkey,1,0.7757529089664619,-2.5865384615384617
VP22,1,4,4.933607118412047,discourse_continuity,3,Dog,1,0.7757529089664619,-1.5865384615384617
VP22,1,4,4.933607118412047,discourse_continuity,4,Frog,1,0.7757529089664619,-0.5865384615384617
VP22,1,4,4.933607118412047,discourse_continuity,5,Cat,1,0.7757529089664619,0.4134615384615383
VP22,1,4,4.933607118412047,ad_hoc_implicature,1,Sheep,1,0.7757529089664619,-3.5865384615384617
VP22,1,4,4.933607118412047,ad_hoc_implicature,2,Sheep,1,0.7757529089664619,-2.5865384615384617
VP22,1,4,4.933607118412047,ad_hoc_implicature,3,Sheep,1,0.7757529089664619,-1.5865384615384617
VP22,1,4,4.933607118412047,ad_hoc_implicature,4,Sheep,1,0.7757529089664619,-0.5865384615384617
VP22,1,4,4.933607118412047,ad_hoc_implicature,5,Sheep,1,0.7757529089664619,0.4134615384615383
VP22,1,4,4.933607118412047,card_sorting,1,NA,1,0.7757529089664619,-3.5865384615384617
VP22,1,4,4.933607118412047,card_sorting,2,NA,1,0.7757529089664619,-2.5865384615384617
VP22,1,4,4.933607118412047,card_sorting,3,NA,1,0.7757529089664619,-1.5865384615384617
VP22,1,4,4.933607118412047,card_sorting,4,NA,1,0.7757529089664619,-0.5865384615384617
VP22,1,4,4.933607118412047,card_sorting,5,NA,1,0.7757529089664619,0.4134615384615383
VP22,1,4,4.933607118412047,card_sorting,6,NA,1,0.7757529089664619,1.4134615384615383
VP23,1,3,3.753593429158111,mutual_exclusivity,1,Monkey,1,-0.40426078028747403,-3.5865384615384617
VP23,1,3,3.753593429158111,mutual_exclusivity,2,Bunny,0,-0.40426078028747403,-2.5865384615384617
VP23,1,3,3.753593429158111,mutual_exclusivity,3,Cat,1,-0.40426078028747403,-1.5865384615384617
VP23,1,3,3.753593429158111,mutual_exclusivity,4,Dog,1,-0.40426078028747403,-0.5865384615384617
VP23,1,3,3.753593429158111,mutual_exclusivity,5,Frog,1,-0.40426078028747403,0.4134615384615383
VP23,1,3,3.753593429158111,simple_inf,1,Tiger,1,-0.40426078028747403,-3.5865384615384617
VP23,1,3,3.753593429158111,simple_inf,2,Tiger,0,-0.40426078028747403,-2.5865384615384617
VP23,1,3,3.753593429158111,simple_inf,3,Tiger,1,-0.40426078028747403,-1.5865384615384617
VP23,1,3,3.753593429158111,simple_inf,4,Tiger,0,-0.40426078028747403,-0.5865384615384617
VP23,1,3,3.753593429158111,simple_inf,5,Tiger,0,-0.40426078028747403,0.4134615384615383
VP23,1,3,3.753593429158111,discourse_continuity,1,Bunny,1,-0.40426078028747403,-3.5865384615384617
VP23,1,3,3.753593429158111,discourse_continuity,2,Monkey,1,-0.40426078028747403,-2.5865384615384617
VP23,1,3,3.753593429158111,discourse_continuity,3,Dog,0,-0.40426078028747403,-1.5865384615384617
VP23,1,3,3.753593429158111,discourse_continuity,4,Frog,0,-0.40426078028747403,-0.5865384615384617
VP23,1,3,3.753593429158111,discourse_continuity,5,Cat,0,-0.40426078028747403,0.4134615384615383
VP23,1,3,3.753593429158111,ad_hoc_implicature,1,Sheep,0,-0.40426078028747403,-3.5865384615384617
VP23,1,3,3.753593429158111,ad_hoc_implicature,2,Sheep,1,-0.40426078028747403,-2.5865384615384617
VP23,1,3,3.753593429158111,ad_hoc_implicature,3,Sheep,1,-0.40426078028747403,-1.5865384615384617
VP23,1,3,3.753593429158111,ad_hoc_implicature,4,Sheep,1,-0.40426078028747403,-0.5865384615384617
VP23,1,3,3.753593429158111,ad_hoc_implicature,5,Sheep,1,-0.40426078028747403,0.4134615384615383
VP23,1,3,3.753593429158111,card_sorting,1,NA,0,-0.40426078028747403,-3.5865384615384617
VP23,1,3,3.753593429158111,card_sorting,2,NA,0,-0.40426078028747403,-2.5865384615384617
VP23,1,3,3.753593429158111,card_sorting,3,NA,0,-0.40426078028747403,-1.5865384615384617
VP23,1,3,3.753593429158111,card_sorting,4,NA,0,-0.40426078028747403,-0.5865384615384617
VP23,1,3,3.753593429158111,card_sorting,5,NA,0,-0.40426078028747403,0.4134615384615383
VP23,1,3,3.753593429158111,card_sorting,6,NA,0,-0.40426078028747403,1.4134615384615383
